Event Name,Country,Subnational,Metro Area,Venue Name,Address,Frequency,When,Type,Game 1,Game 2,Game 3,Game 4,Game 5,Game 6,Game 7,Game 8,Game 9,Game 10,Twitter,Bluesky,Discord,Facebook,Instagram,Website / Startgg / Linktree / Etc,Email,Twitch1,Twitch2,YouTube,Other Notes,Status,Added,Last Update
DLC Warmups,Argentina,,Buenos Aires,Phoenix Reborn,"Cnel. Ramón Lista 5126, C1418 Villa Devoto, Buenos Aires",Weekly,Sunday,Tournament,SF6,,,,,,,,,,UAFG_AR,,,,,,,UAFG,,,,Active,2024.0118,2024.0118
Smash Club,Argentina,,Buenos Aires,Phoenix Reborn,"Cnel. Ramón Lista 5126, C1418 Villa Devoto, Buenos Aires",Weekly,Thursday,Tournament,SSBU,,,,,,,,,,Afkssb,,Super Smash Bros Argentina Oficial,AFK Smash,,,,afkssb,,AFK,,Active,2024.0118,2024.0118
Valquiria Beer House,Argentina,,Cordoba,Valquiria Beer House,"San Jose de Calasanz 25 X5000 Cordoba, Argentina",Unknown,Unknown,Unknown,GGST,Tekken,DBFZ,MK1,SF6,GBVSR,,,,,ValquiriaGames,,Valquiria eSports Argentina,,,https://linktr.ee/valquiriaesport,valquiriafightinggames@gmail.com,ValquiriaEsportsArg,,Valquiria eSports Argentina,,Active,2024.0122,2024.0122
Stick Addiction,Australia,ACT,Canberra,"1UP (Reload Upstairs), Sydney Building","38 Northbourne Ave, Canberra ACT 2601",Monthly,Friday,Tournament,SF6,GGXXACR,KOFXV,GGST,Various,,,,,,StickAddiction,,Stick Addiction,Stick Addiction,,,,,,,,Active,2024.0118,2024.0118
Storm the Castle,Australia,New South Wales,Newcastle,Cardiff Senior Citizens Centre,"52 Harrison St, Cardiff NSW 2285",Monthly,Saturday,Tournament,SSBU,GGST,MK1,SF6,Skullgirls,Tekken,Brawlhalla,Various,,,FGCNewcastle,,Newcastle Smash  FGC Newcastle,,,,stcnsw@gmail.com,,,,,Active,2024.0118,2024.0118
Wicko Weekly,Australia,New South Wales,Newcastle,Wickham Park Hotel,"61 Maitland Rd, Islington NSW 2296",Monthly,Monday,Tournament,SF6,MK1,,,,,,,,,FGCNewcastle,,FGC Newcastle,,,,,,,,,Active,2024.0118,2024.0118
York Street Battles,Australia,New South Wales,Sydney,99 on York Street,"99 York Street, Sydney NSW 2000",Monthly,Saturday,Tournament,GGST,MK1,SF6,Tekken,UNI,VF5,Various,,,,ozhadou,,,,,,,OzHadou,ozhadou2nd,OzHadou,,Active,2024.0118,2024.0118
Ranking Battle,Australia,Queensland,Brisbane,"St Lucia, University of Queensland","280-284 Sir Fred Schonell Dr, St Lucia QLD 4067",Monthly,Saturday,Tournament,UNI,SF6,GBVSR,DBFZ,KOFXV,SSBM,MBTL,SSBU,MK1,Various,CouchWarriors,,,,,start.gg/cwqld,couchwarriorsqld@gmail.com,CouchWarriors,,,Calendar here,Active,2024.0118,2024.0118
Filthy,Australia,Queensland,Brisbane,Team Bliss Esports,"Unit 7/47 Musgrave Rd, Coopers Plains QLD 4108",Monthly,Saturday,Tournament,SSBU,,,,,,,,,,TeamBliss_ES,,Team Bliss Esports,,,https://linktr.ee/teambliss_es,admin@teambliss.com.au,,,,Calendar here,Active,2024.0118,2024.0118
Friday Night Smash,Australia,Queensland,Brisbane,Team Bliss Esports,"Unit 7/47 Musgrave Rd, Coopers Plains QLD 4108",Weekly,Friday,Tournament,SSBU,SSBM,,,,,,,,,TeamBliss_ES,,Team Bliss Esports,,,https://linktr.ee/teambliss_es,admin@teambliss.com.au,,,,Calendar here,Active,2024.0118,2024.0118
Smash by the Books,Australia,Queensland,Gold Coast,Helensvale Library,"Helensvale Plaza Corner Lindfield Road, Sir John Overall Dr, Helensvale QLD 4212",Monthly,Saturday,Tournament,SSBU,,,,,,,,,,,,Queensland Ultimate,,,,,,,,Calendar here,Active,2024.0118,2024.0118
Cheese League FGC Monthly,Australia,South Australia,Adelaide,Adelaide University,"14 Kintore Ave, Adelaide SA 5000, Australia",Monthly,Sunday,Tournament,Various,SSBM,,,,,,,,,CouchWarriorsSA,,Adelaide FGC,,,https://start.gg/cheeseleaguefgc ,,Pichy_and_Pals,kpkaiza,,3rd Sunday,Active,2024.0118,2024.0118
Cheese League FGC Weekly,Australia,South Australia,Adelaide,Adelaide University,"14 Kintore Ave, Adelaide SA 5000, Australia",Weekly,Friday,Tournament,Various,SSBM,,,,,,,,,CouchWarriorsSA,,Adelaide FGC,,,https://start.gg/cheeseleaguefgc ,,Pichy_and_Pals,kpkaiza,,,Active,2024.0118,2024.0118
Cheese League SSBU Monthly,Australia,South Australia,Adelaide,Adelaide University,"14 Kintore Ave, Adelaide SA 5000, Australia",Monthly,Sunday,Tournament,SSBU,,,,,,,,,,CouchWarriorsSA,,Adelaide FGC,,,https://start.gg/cheeseleaguefgc ,,Pichy_and_Pals,kpkaiza,,2nd Sunday,Active,2024.0118,2024.0118
Cheese League SSBU Weekly,Australia,South Australia,Adelaide,Adelaide University,"14 Kintore Ave, Adelaide SA 5000, Australia",Weekly,Wednesday,Tournament,SSBU,,,,,,,,,,CouchWarriorsSA,,Adelaide FGC,,,https://start.gg/cheeseleaguefgc ,,Pichy_and_Pals,kpkaiza,,,Active,2024.0118,2024.0118
TFC Locals,Australia,Tasmania,Hobart,Mount Stuart Hall,"7a Raymont Terrace, Mount Stuart TAS 7000",Every 2 Weeks,Saturday,Tournament,SSBU,SSBM,Various,,,,,,,,TassieFighter,,Tas Smash Ultimate,,,https://ausmash.com.au/regions/tas,,,,Sayhnim,,Active,2024.0118,2024.0118
CCH,Australia,Victoria,Melbourne,Collingwood Library,"11 Stanton St, Abbotsford VIC 3067",Monthly,Saturday,Tournament,GGST,UNI,GGXrd,GGXXACR,Tekken,SF6,Various,,,,CCHmelbfgc,,CCH Discord Server,,,https://www.cchfgc.org/,,,,CCH,2nd Saturday; BYOC,Active,2024.0129,2024.0129
CCH,Australia,Victoria,Melbourne,Djerring Centre,"Eddy Ct, Abbotsford VIC 3067",Monthly,Saturday,Tournament,GGST,UNI,GGXrd,GGXXACR,Tekken,SF6,Various,,,,CCHmelbfgc,,CCH Discord Server,,,https://www.cchfgc.org/,,,,CCH,4th Saturday; BYOC,Active,2024.0129,2024.0129
RMIT Game Day,Australia,Victoria,Melbourne,RMIT University Melbourne City Campus,"124 La Trobe St, Melbourne VIC 3000",Monthly,Saturday,Tournament,SSBU,Tekken,GGST,SF6,MK1,,,,,,CouchWarriors,,,,,CouchWarriors.org,,CouchWarriors,,,,Active,2024.0118,2024.0118
Drive Theory,Australia,Victoria,Melbourne,Theory Bar,"19-23 Meyers Pl, Melbourne VIC 3000",Monthly,Thursday,Tournament,SF6,,,,,,,,,,SleepyNick,,,,,https://www.start.gg/hub/drive-theory-hub,nickfrangos@hotmail.com,,,,,Active,2024.0118,2024.0118
Perth Iron King Arena Monthlies,Australia,Western Australia,Perth,Escape Portal,"1359 Albany Hwy, Cannington WA 6107",Monthly,Sunday,Tournament,MK1,SF6,KOFXV,UNI,GGST,DBFZ,Tekken,,,,PIKA_OCE,,PIKA Community,Perth Iron King Arena - PIKA,,,perthironkingarena@gmail.com,PerthIronKingArena,,PIKA Perth Iron King Arena,,Active,2024.0118,2024.0118
Perth Iron King Arena Weekly,Australia,Western Australia,Perth,Escape Portal,"1359 Albany Hwy, Cannington WA 6107",Weekly,Friday,Casuals,MK1,SF6,KOFXV,UNI,GGST,DBFZ,Tekken,,,,PIKA_OCE,,PIKA Community,Perth Iron King Arena - PIKA,,,perthironkingarena@gmail.com,PerthIronKingArena,,PIKA Perth Iron King Arena,,Active,2024.0118,2024.0118
Enigma Events,Australia,Western Australia,Perth,Lake Gwelup Church,"82 Huntriss Rd, Gwelup WA 6018",Every 2 Weeks,Monday,Tournament,SSBU,P+,Rivals,NASB2,,,,,,,EnigmaEventsGG,,Perth Smash Ultimate,,,,,EnigmaEvents,,Enigma Events,,Active,2024.0118,2024.0118
VirtualDojo Monthly Brackets,Austria,,Vienna,Virtual Dojo Vienna,"Praterstrasse 58/1/L1, 1020 Vienna",Monthly,Varies,Tournament,GBVSR,SF6,BBCF,UNI,GGST,MBTL,GGXXACR,Tekken,,,VirtualDojo,,VDV - Virtual Dojo Vienna,,,https://www.virtualdojovienna.com/,office@virtualdojovienna.com,,,,,Active,2024.0118,2024.0118
VirtualDojo Monthly Casuals,Austria,,Vienna,Virtual Dojo Vienna,"Praterstrasse 58/1/L1, 1020 Vienna",Monthly,Saturday,Casuals,GBVSR,SF6,BBCF,UNI,GGST,MBTL,GGXXACR,Tekken,,,VirtualDojo,,VDV - Virtual Dojo Vienna,,,https://www.virtualdojovienna.com/,office@virtualdojovienna.com,,,,,Active,2024.0118,2024.0118
Belarus Clash,Belarus,,Vitebsk,,"Prospect Stroiteley, 11А. Vitebsk, Belarus 210032",Yearly,Varies,Tournament,GGST,SF6,Tekken,MK1,,,,,,,,,,,,https://vk.com/belarusclash2024,barumank@gmail.com,Jack_wolf,,,,Active,2024.0118,2024.0118
Smash Games,Bolivia,,Cochabamba,Smash Games,"Calle General Achá 154. Centro Comercial Achá, primer piso, Cochabamba",Weekly,Saturday,Casuals,SSBU,SSBM,Tekken,MK1,,,,,,,Zero2tooHero,,,Smash Games Zero 2 Hero,SmashGames Zero2Hero,start.gg/game-on,,,,Zero 2 Hero,,Active,2024.0118,2024.0118
Smash Fellas,Brazil,Distrito Federal,Brasilia,Ludoteca BGC,"Asa Sul Comércio Local Sul 208 BLOCO C LOJA 02 - Asa Sul, Brasília - DF, 70254-530",Monthly,Thursday,Tournament,SSBU,SSBM,,,,,,,,,TeamBirdbox,,@teambirdbox,,LudotecaBGC,http://start.gg/smashfellas,junior.vagner@live.com,,,Team Birdbox,,Active,2024.0118,2024.0118
Brolha Game Store,Brazil,Mato Grosso,Cuiabá,Bolha Game Store,"R. Alice Borges Avelino, 181 - Duque de Caxias II, Cuiabá - MT, 78043-386",Weekly,Saturday,Tournament,SSBU,SF6,,,,,,,,,Macacones FGCMT,,,,,,,,,,,Active,2024.0118,2024.0118
Semanal Ultra Arcade,Brazil,Minas Gerais,Belo Horizonte,GOAT Gaming Center,"R. Tomé de Souza, 810 - Savassi, Belo Horizonte - MG, 30140-131",Weekly,Saturday,Tournament,GGST,SSBU,SF6,GBVSR,,,,,,,ultraarcadebh,,,Ultra Arcade,ultraarcadebh,https://linktr.ee/ultraarcade,contato@ultraarcadebh.com.br,UltraArcadeBH,,Ultra Arcade,,Active,2024.0118,2024.0118
Recife Dash,Brazil,Pernambuco,Recife,Boteco do Abelardo,"Rua Ana Neri, 5, Torre",Monthly,Sunday,Casuals,GBVSR,UNI,GGXXACR,GGST,,,,,,,RDashFGC,,,,,,,RDashFGC,,,,Active,2024.0118,2024.0118
Confra Smash,Brazil,Pernambuco,Recife,Somebody's House Looks Like,"Rua Oliveira Fonseca, 225 - Campo Grande, Recife - PE, 52040-250",Monthly,Friday,Tournament,SSBU,,,,,,,,,,bros_pe,,,,,,dokebucontact@gmail.com,,,,,Active,2024.0118,2024.0118
SmashRS,Brazil,Rio Grande do Sul,Porto Alegre,Someon's Condo Probably,"Praça São Caetano, 90 - Nonoai, Porto Alegre - RS, 91720-420",Monthly,Sunday,Tournament,SSBU,SF6,GGST,,,,,,,,SmashRS_,,SmashRS,,,,,smashrs_,,,,Active,2024.0118,2024.0118
Blame The Beasts,Brazil,Sao Paulo,Campinas,Forjamundos,"R. Advogado Luíz Gama, 1268 - Jardim Guanabara, Campinas - SP, 13070-717",Every 2 Weeks,Saturday,Tournament,SF6,GGST,GBVSR,,,,,,,,BlameTheBeasts,,,,,,,twitch.tv/gaiserick_,,,,Active,2024.0118,2024.0118
Bar Fights,Brazil,Sao Paulo,Sao Paulo,Tokio Marine Hall,"R. Bragança Paulista, 1281 Vila Cruzeiro",Every 2 Months,Saturday,Tournament,SF6,KOFXV,Various,,,,,,,,fgcsaopaulo,,,,,https://www.apoia.se/battlecoliseum,fgcsp1@gmail.com,FGC_SP,,,,Active,2024.0118,2024.0118
Crossplay Cafe,Cambodia,,Phnom Penh,Crossplay Cafe,"ផ្ទះលេខ C, ភូមិ1, 22, រាជធានីភ្នំពេញ។, Cambodia",Weekly,Sunday,Casuals,MK1,SF6,,,,,,,,,Prodigality09,,,,,,,,,,,Active,2024.0402,2024.1212
FGCC Monthly,Canada,Alberta,Calgary,Dalhousie Community Association,"5432 Dalhart Rd NW, Calgary, AB T3A1V6",See Notes,Varies,Tournament,SF6,GGST,BBCF,UNI,Tekken,MK1,Various,,,,FGCCalgary,,Fighting Game Community of Calgary,FGCC,,,mikegee445@gmail.com,,,FGC of Calgary,Frequency varies,Active,2024.0118,2024.1224
Overdrive Lethbridge FGC,Canada,Alberta,Lethbridge,Round Table Board Gamerie,"502 5 St S, Lethbridge, AB T1J 0T5",Quarterly,Sunday,Tournament,GBVSR,SF6,GGST,,,,,,,,Overdrive_LFGT,,Overdrive Lethbridge FGC,,,,,,,,,Active,2024.0118,2024.0118
RDFGC Weekly,Canada,Alberta,Red Deer,Heritage Lanes,"6200 67a St #8, Red Deer, AB T4P 3E8",Weekly,Wednesday,Tournament,SF6,GGXrd,GBVSR,BBCF,UNI,Various,,,,,RedDeerFGC,,Red Deer FGC,,,,,RedDeerFGC,,Red Deer FGC,,Active,2024.0118,2024.0118
OKSL,Canada,British Columbia,Kelowna,"3rd Floor, UBCO Library","3287 University Way, Kelowna, BC V1V 1V7",Weekly,Saturday,Tournament,GGST,SSBU,,,,,,,,,SmashOkanagan,,,,,,,OkanaganSmashLeague,,,,Active,2024.0118,2024.0118
Fight Night @ Game Quest,Canada,British Columbia,Prince George,Game Quest,"1663 Nicholson St S, Prince George, BC V2N 1V7, Canada",Monthly,Saturday,Tournament,SF6,GGST,,,,,,,,,Rasperrii,,,,,,,GameQuestPG,,,,Active,2024.0118,2024.0118
Okizeme,Canada,British Columbia,Vancouver,Vancouver Street Battle,4211 No. 3 Rd Richmond BC V6X 2C3,Monthly,Saturday,Tournament,SF6,GGST,UNI,MK1,GBVSR,KOFXV,Tekken,UMVC3,BBCF,Various,VanStreetBattle,,Vancouver Street Battle,,,https://www.vancouverstreetbattle.com/,,VanStreetBattle,,,,Active,2024.0118,2024.0118
Victoria FGC,Canada,British Columbia,Victoria,University of Victoria,"University of Victoria, Victoria, BC",Weekly,Wednesday,Casuals,Tekken,SF6,GGST,GGXXACR,Various,,,,,,vifgc,,Vancouver Island FGC,,,VFGC,,,,,,Active,2024.0610,2024.0610
Basement Series,Canada,Manitoba,Winnipeg,"Graham Hall, University of Winnipeg","515 Portage Ave, Winnipeg, MB R3B 2E9",Monthly,Saturday,Tournament,SSBM,P+,SSBU,HDR,,,,,,,ManitobaSmash,,Manitoba Smash,,,,,,,,Last Saturday,Active,2024.0118,2024.0118
Green Door Smash,Canada,New Brunswick,Fredericton,Marshall d'Avray Hall,"University of New Brunswick, 10 MacKay Dr, Fredericton, NB E3B 0R6",Weekly,Friday,Tournament,GGST,SF6,UMvC3,GBVSR,Tekken,Various,,,,,AtlanticFGC,,Atlantic Canada FGC,,,,,fredericton_fgc,,,,Active,2024.0118,2024.0118
Le Hub,Canada,New Brunswick,Moncton,Centre Étudiant,"19 Av Antonine-Maillet, Moncton, NB E1A 3E9",Weekly,Thursday,Tournament,SF6,DBFZ,GBVSR,SSBM,SSBU,,,,,,AtlanticFGC,,Atlantic Canada FGC,,,,brandobernie@gmail.com,buddabas,,,,Active,2024.0118,2024.0118
Newfoundland Fighting Jam,Canada,NL,St John's,Loft UC3013,"Memorial University of Newfoundland, St. John's, NL",Weekly,Sunday,Unknown,SF6,GBVSR,Anime Etc,Retro,,,,,,,AtlanticFGC,,Atlantic Canada FGC,,,,,,,,,Active,2024.0118,2024.0118
The Bug's Den,Canada,NL,St John's,"The Council Chambers, UC-2001","Memorial University of Newfoundland, St. John's, NL",Weekly,Monday,Unknown,SF6,GGST,P+,,,,,,,,AtlanticFGC,,Atlantic Canada FGC,,,,,,,,"May also be Tuesday, consult the discord",Active,2024.0118,2024.0118
South Shore Weeklies,Canada,Nova Scotia,Yarmouth,"Pair-a-Dice, Yarmouth Hall","76 Starrs Rd, Yarmouth, NS B5A 2T5",Weekly,Friday,Unknown,Tekken,MK1,SF6,GGST,GBVSR,,,,,,AtlanticFGC,,Atlantic Canada FGC,,,,,,,,,Active,2024.0118,2024.0118
In the Lab,Canada,Ontario,Hamilton,Mohawk College,"135 Fennell Ave W, Hamilton, ON L9C 0E5",Every 2 Weeks,Wednesday,Tournament,GBVSR,SF6,GGST,Tekken,,,,,,,Incendium_GG,,Incendium Gaming Events,,,https://linktr.ee/incendiumgg http://start.gg/inthelab,info@incendium.gg,incendiumgaming,incendiumgaming2,,,Active,2024.0209,2024.0209
LFGC,Canada,Ontario,London,Poacher's Arms,"171 Queens Ave, London, ON N6A 5J7",Weekly,Wednesday,Casuals,SF6,GBVSR,GGST,GGXrd,KOFXV,MK1,CvS2,SSF2T,VSav,Various,LondonOntFGC,,Forest City Fight Club,,,,,londonontariofgc,,London Ontario FGC,,Active,2024.0118,2024.0118
DKM Offside,Canada,Ontario,Niagara Falls,Mecha Games,"370 Ontario St, St. Catharines, ON L2R 5L8, Canada",Weekly,Thursday,Tournament,SF6,GGST,,,,,,,,,DKM_Network,,DKM Network,,,,,,,,,Active,2024.0727,2024.0727
Mortal Showdown,Canada,Ontario,Ottawa,Click eSports,"Merivale Rd & Family Brown Ln, Nepean, ON K2G 3K2, Canada",Every 2 Weeks,Thursday,Tournament,MK1,,,,,,,,,,MortalShowdown,,,,,,mortalshowdown@gmail.com,,,,,Active,2024.0118,2025.0315
Capital City Clash,Canada,Ontario,Ottawa,Level One,"14 Waller St, Ottawa, ON K1N 9C4",Monthly,Saturday,Tournament,GGXrd,UMvC3,MK1,GGST,SF6,Tekken,GBVSR,,,,DowntownRumble BattleCityHQ_,,Ottawa FGC,,,,jadonvan@gmail.com,DowntownRumble,Battlecity  mortalshowdown,,,Active,2024.0118,2024.0118
Downtown Rumble,Canada,Ontario,Ottawa,Level One,"14 Waller St, Ottawa, ON K1N 9C4",Weekly,Tuesday,Tournament,GGST,GBVSR,GGXrd,DBFZ,Various,,,,,,DowntownRumble,,Ottawa FGC,,,,,DowntownRumble,,,Games list varies,Active,2024.0118,2024.0118
Battle City Weeklies,Canada,Ontario,Ottawa,Tanglewood Hillsdale Community Ass,"30 Woodfield Dr, Nepean, ON K2G 3Y5",Weekly,Friday,Tournament,GGST,GBVSR,SF6,Tekken,Various,,,,,,BattleCityHQ_,,Ottawa FGC,,,,,,,,,Active,2024.0118,2024.0118
Bean Beatdown,Canada,Ontario,Peterborough,Dreams of Beans Cafe,"141 Charlotte St, Peterborough, ON K9J 2T6",Monthly,Saturday,Tournament,SF6,Tekken,GGST,Various,,,,,,,,ptbofgc.bsky.social,Peterborough FGC,ptbofights,,,ptbofgc@outlook.com,,,,Monthly SF6 or Tekken 8 Tournament with a side game voted by community members,Active,2025.0218,2025.0218
MCQU,Canada,Ontario,Sudbury,Collège Boréal classroom 4344,"21 Lasalle Blvd, Greater Sudbury, ON P3A 6B1",Monthly,Saturday,Tournament,SSBU,GGST,SF6,,,,,,,,Nickelcityfight,,Nickel City Fighters,,,,aaubinedu@gmail.com,SudburyFGC,,,,Active,2024.0118,2024.0118
Revenge of the 6ix,Canada,Ontario,Toronto,Red Bull Gaming Hub @ TMU Creative School,"80 Gould St, Toronto, ON M5B 2M7",Monthly,Saturday,Tournament,SF6,GGST,Tekken,DBFZ,UNI,MBTL,Various,,,,Incendium_GG,,Incendium Gaming Events,,,https://linktr.ee/incendiumgg,info@incendium.gg,incendiumgaming,incendiumgaming2,,,Active,2024.0118,2024.0118
Stun City,Canada,Ontario,Toronto,See-Scape,"347 Keele St, Toronto, ON M6P 2K6",Weekly,Wednesday,Tournament,GBVSR,SF6,Tekken,Various,,,,,,,TorontoTopTiers,,TorontoTopTiers.com,,,http://info.torontotoptiers.com,,TorontoTopTiers,TorontoTopTiers2,Toronto Top Tiers,,Active,2024.0118,2024.0118
SMASH CLASS,Canada,Ontario,Windsor,St. Clair College,"2000 Talbot Rd, Windsor, ON N9G 3C3, Canada",Weekly,Sunday,Tournament,SSBM,SSBU,SF6,UNI,GGST,BBCF,3S,MvC2,HFTF,Various,SCCSmashClass,,Smash Class,,,start.gg/hub/smash-class,,EnterThe_Dojo,SmasClass2000,Class_Smash,We have access to a gaming PC lab where you are free to download any fighting games you'd wanna play as well as run brackets for whatever you like! We aim to have a space more like an arcade in the past where we focus more on facilitating community and letting people decide what they wanna play and compete in. Also starting online brackets soon!,Active,2024.1212,2024.1212
Over Drive-Thru,Canada,PEI,Charlottestown,EM Cards & Collectibles,"95 Capital Dr Unit 116b, Charlottetown, PE C1E 1R4",Weekly,Tuesday,Tournament,SF6,GGST,GGXrd,DBFZ,GBVSR,Various,,,,,AtlanticFGC,,Atlantic Canada FGC,,,,,PEI_FighterZ,,,,Active,2024.0118,2024.0118
Montreal Gaming Center (MGC),Canada,Quebec,Montreal,Montreal Gaming Center,"1059 Boul. Saint-Laurent, Montréal, QC H2Z 1J6",Weekly,Friday,Tournament,SSBU,SF6,SSBM,GBVSR,GGST,Tekken,BBCF,MK1,UNI,KOFXV,MTLGamingCentre,,MGC,,,https://t.co/vIgOhlzdXi  https://www.patreon.com/MTLMGC,Nizar.awada@gmail.com,,,,,Active,2024.0118,2024.0118
La Quebagarre,Canada,Quebec,Quebec City,Izgara Kebaberie,"1re Av. & 12e Rue, Québec, QC G1L 3K9, Canada",Weekly,Monday,Casuals,GGST,SF6,GBVSR,Various,,,,,,,StriveQC,,Quebec FGC,Quebec FGC,,,,QuebecFGC,,QuebecFGC,Casuals every monday with tournament night once a month,Active,2024.1212,2025.0315
Super Move Sundays,Canada,Saskatchewan,Regina,East Birmingham's,"2635 Star Lite St, Regina, SK S4V 3E1",Weekly,Sunday,Casuals,SF6,GGST,GBVSR,Various,,,,,,,ReginaFGC,,QCF - Queen City Fighters,Queen City Fighters,,,,QueenCityFighters,,Queen City Fighters,,Active,2024.0118,2024.0118
TFA Monthly,China,Tianjin,Tianjin,Tianjin Fighting-Gamer Association,"Tianmu Town, Beichen District, Tianjin City, China",Monthly,Saturday,Tournament,SF6,GGST,,,,,,,,,omiggxrd,,,,,,omisnk@gmail.com,,,,More specific address info: 天津市鹿鸣青年社区D座503B,Active,2025.0114,2025.0116
SuperCombo.gg Presents: The Dojo,Costa Rica,,San Jose,Krypton Hobby Store,"C. 151 y Av. 91 San José Province, San Isidro",Monthly,Sunday,Tournament,GBVSR,SF6,Retro,UNI,GGST,,,,,,SuperComboGG,,Costa Rica FGC,,,start.gg/hub/supercombo-gg-presents-the-dojo,team@supercombo.gg,SuperComboGG,,SuperComboGG,,Active,2024.0129,2025.0119
Kinx Gaming Lounge,Cyprus,,Nicosia,Kingx Gaming Lounge,"Vyzantiou 8M, Strovolos 2064, Cyprus",Monthly,Sunday,Tournament,SF6,Tekken,GGST,,,,,,,,,,FGCY,,FGCyprus,,,,,,Happens around the 15th - 23rd of each month,Active,2024.0727,2024.0727
MBACO Generational Cutter!,Czechia,,Prague,Trhlina Community Center,"Jaromírova 9, Vinohrady, 128 00 Praha 2, Česko",Monthly,Saturday,Tournament,GGST,SF6,Kyanta 2,Various,,,,,,,mbaco_fgc,,My Buttons Aren't Coming Out!,,mbaco_fgc,https://linktr.ee/mbaco.fgc,mbaco.fgc@gmail.com,mbaco_fgc,,MBACO_FGC,Queer-friendly fighting game community variety locals,Active,2024.1212,2024.1212
MBACO Melee Místňák,Czechia,,Prague,Trhlina Community Center,"Jaromírova 9, Vinohrady, 128 00 Praha 2, Česko",Monthly,Saturday,Tournament,SSBM,,,,,,,,,,,,Czech Smash Melee,Super Smash Bros Cz/Sk,,,boucektj@gmail.com,mbaco_fgc,,MBACO_FGC,,Active,2024.1212,2024.1212
FGCA Monthly,Denmark,,Aarhus,Maybe Someone's House IDK,"Skovvangsvej 127, 8200 Aarhus, Denmark",Monthly,Sunday,Tournament,Tekken,SF6,GGST,SSBM,SSBU,,,,,,FGCAarhus,,,,,fgca.dk,fgcaarhus@gmail.com,FGCAarhus,,,,Active,2024.0118,2024.0118
FGCA Weekly,Denmark,,Aarhus,Maybe Someone's House IDK,"Skovvangsvej 127, 8200 Aarhus, Denmark",Weekly,Wednesday,Casuals,Tekken,SF6,GGST,SSBM,SSBU,,,,,,FGCAarhus,,,,,fgca.dk,fgcaarhus@gmail.com,FGCAarhus,,,,Active,2024.0118,2024.0118
Copenhagen Esport,Denmark,,Copenhagen,Copenhagen Esport,"Nørrebrogade 208, 2200 København, Denmark",Monthly,Saturday,Tournament,SSBU,SSBM,SF6,BBCF,GGST,GBVSR,Tekken,,,,cphfgc,,Det Danske Kampspilsfaellesskab,,,,,cphFGC,,,,Active,2024.0118,2024.0118
Arkade Bar,Finland,,Helsinki,Arkade Bar,"Kalevankatu 30, 00100 Helsinki",Weekly,Tuesday,Tournament,GGST,SF6,Tekken,DBFZ,KOFXV,UNI,MBTL,Various,,,MrMianki,,https://t.co/kKYBMVExu6,,,,,,,,,Active,2024.0118,2024.0118
Kauppakatu 44,Finland,,Kuopio,Kulttuuriareena 44,"Kauppakatu 44, 70110 Kuopio",Weekly,Monday,Tournament,GGST,GBVSR,SF6,Tekken,MK1,BBCF,UNI,Various,,,Jufee121,,,,,,,,,,,Active,2024.0118,2024.0118
Save File Weeklies,Finland,,Tampere,Save File,"Aleksis Kiven katu 24 Kellarikerros, 33200 Tampere",Weekly,Saturday,Tournament,Tekken,SF6,GGST,KOFXV,Various,,,,,,biiruken,,Biiruken,,,https://biiruken.com/,,Biiruken,,Team Biiruken,,Active,2024.0118,2024.0118
Turpakellari,Finland,,Turku,HIVE - Turku Game Hub,"Itäinen pitkäkatu 4 A, 20520 Turku",Weekly,Sunday,Casuals,SF6,Tekken,GBVSR,GGST,KOFXV,Various,,,,,Turpakellari,,Turpakellari,Turpakellari,turpakellari,https://turpakellari.com,,turpakellari,,turpakellari,,Active,2024.0118,2024.0118
ANC Smashweekly,Finland,,Turku,Kampuskappeli,"Rehtorinpellonkatu 4 C, 20500 Turku",Weekly,Varies,Tournament,SSBU,SSBM,,,,,,,,,anc_ry,,Academic Nintendo Club ry,,anc_ry,start.gg/ancweekly,anc-hallitus@lists.utu.fi,academicnintendoclub,,,On break every June-August,Active,2024.0118,2024.0118
GuardImpact,France,Finistère ,Brest,Patronage Laïque du Pilier Rouge,"2 Rue de Fleurus, 29200 Brest",Weekly,Friday,Casuals,SF6,SSBU,SC6,Various,,,,,,,GuardImpactVS,,Guard Impact,,,,,,,,,Active,2024.0118,2024.0118
SWGA,France,,Bordeaux,Salle Chauvin,"15 Rue Louis Eloi, 33130 Bègles",Monthly,Sunday,Tournament,SF6,GGST,GGXrd,Tekken,Various,,,,,,SWGA_Bordeaux,,,,,,,SWGA_tv,,,,Active,2024.0118,2024.0118
LaDOSE,France,,Lyon,Xp School Lyon,"Tour du Web, 4 Rue du Professeur Charles Appleton, 69007 Lyon",Monthly,Sunday,Tournament,SSF2T,3S,VSav,Tekken,SF6,KOFXV,UNI,GGXrd,GBVSR,Various,LaDoseNet,,LaDOSE.net,LaDOSE.net,,LaDOSE.net,,LaDOSETV,,,,Active,2024.0118,2024.0118
Beat by 44,France,,Nantes,Game Over,"1 Rue Lebrun, 44000 Nantes",Weekly,Tuesday,Tournament,SF6,GBVSR,Tekken,Various,,,,,,,Beatby44,,Beat by 44,,Beat by 44 Nantes,,,,,Beat by 44,,Active,2024.0118,2024.0118
KnockOut Zone,France,,Paris,Maison de l'Esport,"14/20 Rue Soleillet, 75020 Paris",Weekly,Monday,Tournament,SSBU,SF6,,,,,,,,,OrbitalSheep,,Orbital Sheep,,OrbitalSheep,https://www.start.gg/hub/orbital-sheep,,,,,,Active,2024.0118,2024.0118
Oni's Last Impact,France,,Paris,Onï,"3 Rue Crespin du Gast, 75011 Paris",Weekly,Thursday,Tournament,SSBU,,,,,,,,,,OrbitalSheep,,Orbital Sheep,,OrbitalSheep,https://www.start.gg/hub/orbital-sheep,,,,,,Active,2024.0118,2024.0118
R-Dash,France,,Rennes,La Maison Bleue,"123 Bd de Verdun, 35000 Rennes, France",Monthly,Sunday,Tournament,SF6,Tekken,GGST,3S,Various,,,,,,RDashAsso,rdashasso,La dose bretonne !,,,r-dash.fr,ranking.rennais@gmail.com,RDashAsso,,R-Dash,"Rebranded, previously Ranking Rennais",Active,2024.0118,2024.1212
Super Smash Breizh ,France,,Rennes,La Maison du Jeu Vidéo,"2 Rue du Sous-Lieutenant Yves Berger, 35200 Rennes",Weekly,Sunday,Casuals,SSBU,,,,,,,,,,SSBreizh,,Super Smash Breizh,,,https://www.lamaisondujeuvideo.com/,supersmashbreizh@gmail.com,SuperSmashBreizh,,,"Dissolved as of Feb 22 2024, source",Active,2024.0402,2024.0402
Weekly Freeplay,France,,Rennes,La Maison du Jeu Vidéo,"2 Rue du Sous-Lieutenant Yves Berger, 35200 Rennes",Weekly,Wednesday,Casuals,SF6,Tekken,GGST,KOFXV,3S,Various,,,,,MJVRennes,,La dose bretonne !,,,https://www.lamaisondujeuvideo.com/,,,,,,Active,2024.0118,2024.0118
Toulouse Versus Fighters,France,,Toulouse,Maison de quartier de Pech-David,"17 Rue de la Charbonnière, 31400 Toulouse",Every 2 Weeks,Monday,Tournament,SF6,GGST,Tekken,MK1,Various,,,,,,TvSFighters,,Toulouse VS Fighters,Toulouse Vs Fighters,,https://linktr.ee/ToulouseVersusFighters,,toulousevsfighters,,Toulouse VS Fighters,,Active,2024.0118,2024.0118
Berlin FGC,Germany,,Berlin,LVL Gaming Berlin,"Schützenstraße 73, 10117 Berlin",Weekly,Thursday,Tournament,SF6,GGST,Various,,,,,,,,BerlinFGC,,Berlin FGC,,,,BerlinFGC@gmail.com,BerlinFGC,,,,Active,2024.0118,2024.0118
VirtuaSmash,Germany,,Braunschweig,VirtuaLounge,"Kleine Burg 15, 38100 Braunschweig",Monthly,Saturday,Tournament,SSBU,,,,,,,,,,VirtuaLoungeBS,,Niedersachsen/Bremen Smash,,,https://www.virtualounge.de/,,VirtuaLounge,,,,Active,2024.0118,2024.0118
Bunker Fights,Germany,,Frankfurt am Main,2BCU Studio,"Am Brennhaus 20, 65933 Frankfurt am Main",Monthly,Saturday,Tournament,SF6,Tekken,,,,,,,,,2becommunity,,2BeCommUnity,,,https://www.2becommunity.de/home/,,2BCU,,,,Active,2024.0118,2024.0118
MadGear FFM,Germany,,Frankfurt am Main,MadGearFFM,"Dreieichstr. 8, 64546 Mörfelden-Walldorf",Every 2 Weeks,Saturday,Casuals,SF6,GBVSR,GGXXACR,GGXrd,GGST,BBCF,Tekken,Various,,,MadGearFFM,,Mad Gear FFM,,,https://madgear.club/,kontakt@madgear.club,MadGearFFM,,MadGearFFM,,Active,2024.0118,2024.0118
Freiburg eSports e.V.,Germany,,Freiburg,Freiburg eSports e.V.,"Markgrafenstraße 38, 79115 Freiburg",See Notes,Varies,Casuals,SF6,Various,,,,,,,,,eSportsFreiburg,,Freiburg eSports e.V.,,,,,,,,Frequency varies,Active,2024.0118,2024.1224
Bare Knuckle Altona,Germany,,Hamburg,Kulturladen Hamm,"Sievekingdamm 3, 20535 Hamburg",Weekly,Friday,Casuals,SF6,Tekken,KOFXV,Anime Etc,,,,,,,FGC_Hamburg,,FGC Hamburg,Bare Knuckle Altona,,http://bareknucklealtona.de/#weekly,,BareKnuckleAltona,,Bare Knuckle Altona,,Active,2024.0118,2024.0118
Fight Club Karlsruhe,Germany,,Karlsruhe,ZED,"Engler-Bunte-Ring 15, 76131 Karlsruhe",Weekly,Friday,Casuals,GGST,SF6,Tekken,MK1,SSBU,,,,,,,,Fight Club Karlsruhe,,,,,,,,,Active,2024.0118,2024.0118
Core Gamer Treff Casuals,Germany,,Rhine-Ruhr,Core Gamer Treff,"Wilhelm-Schiffer-Straße 57, 41239 Mönchengladbach",Weekly,Tuesday,Casuals,SF6,Tekken,GBVSR,SSBU,,,,,,,CoreGamerTreff,,CoreGamerTreff,Coregamertreff,CoreGamerTreff,https://coregamertreff.de/,info@coregamertreff.de,coregamertreff,,,Also open for casuals Friday & Saturday,Active,2024.0118,2024.0118
Core Gamer Treff Monthlies,Germany,,Rhine-Ruhr,Core Gamer Treff,"Wilhelm-Schiffer-Straße 57, 41239 Mönchengladbach",Monthly,Saturday,Tournament,SF6,Tekken,GBVSR,SSBU,,,,,,,CoreGamerTreff,,CoreGamerTreff,Coregamertreff,CoreGamerTreff,https://coregamertreff.de/,info@coregamertreff.de,coregamertreff,,,,Active,2024.0118,2024.0118
Insert Game,Germany,,Rhine-Ruhr,Insert Game,Kronprinzenstraße 3042655 Solingen,Weekly,Saturday,Casuals,SF6,KOFXI,VF5,KOF98,Retro,,,,,,Insertgamedojo,,,,,https://www.insertgame.de/,,,,Insert Game,,Active,2024.0118,2024.0118
Cologne Fight Night,Germany,,Rhine-Ruhr,Xperion Köln Hansaring,"Hansaring 97, 50670 Köln",Weekly,Friday,Tournament,SF6,,,,,,,,,,fhASSA_,,German FGC,,,,,,,,,Active,2024.0118,2024.0118
LOK Dojo,Greece,,Athens,LOK's Actual Garage,"Athens, Greece",Monthly,Unknown,Casuals,Tekken,SF6,GGST,MK1,DBFZ,BBCF,,,,,LegacyOfKaiser,,,,,,tojasos@yahoo.gr,LegacyOfKaiser,,LegacyOfKaiser,Contact for address,Active,2024.0118,2024.0118
BUSHO Monthly Offline,Hungary,,Budapest,Delta 1 Esports Café,"Lechner Ödön fasor 1, 1095 Budapest, Hungary",Monthly,Saturday,Casuals,SF6,GGST,Tekken,GBVSR,Various,,,,,,Busho_FGC,,BUSHO - Hungarian FGC,BUSHO FGC,,,,BUSHOfgc,,BUSHO,Usually held on the last Saturday of the month,Active,2024.1212,2025.0417
Níðhöggur,Iceland,,Reykjavik,Arena Gaming,"Smáratorg Tower, Smáratorg 3, 1. hæð, 201 Kópavogur",Every 2 Weeks,Saturday,Tournament,SF6,Tekken,GGST,GBVSR,Various,,,,,,nidhoggurfgc,,Ásgarður,Ásgarður - fgc.is,,https://t.co/IITrlxijv7,nidhoggurfgc@gmail.com,FGCIceland,,FGCIceland,,Active,2024.0215,2024.0215
Zoners Paradise,Iceland,,Reykjavik,Arena Gaming,"Smáratorg Tower, Smáratorg 3, 1. hæð, 201 Kópavogur",Monthly,Saturday,Tournament,SSBU,,,,,,,,,,ZonersParadise,,Íslenska Smash Bros Discord,Super Smash Bros Ísland,,,,,,,,Active,2024.0215,2024.0215
Saturday Spar Sessions,India,Delhi,Delhi,Unknown,"Delhi, India",Weekly,Saturday,Tournament,Unknown,,,,,,,,,,IndianFGC,,,,indianfgc,,,indianfgc,,,,Active,2024.0118,2024.0118
Sunday Spar Sessions,India,Tamil Nadu,Chennai,LXG,"1st Floor, Fortuna Towers, No. 1, 1, Dr MGR Salai, Tirumurthy Nagar, Nungambakkam, Chennai, Tamil Nadu 600034, India",Weekly,Sunday,Tournament,SSBU,SSBM,SF6,Anime Etc,,,,,,,IndianFGC,,,,indianfgc,,,indianfgc,,IndianFGC,,Active,2024.0118,2024.0118
Fighting Gamers Jogja (FAIJO),Indonesia,Daerah Istimewa Yogyakarta,Yogya,Puskop Tamsis,"No. 150-F, Jl. Taman Siswa, Wirogunan, Mergangsan, Yogyakarta City, Special Region of Yogyakarta 55151",Weekly,Saturday,Casuals,Tekken,GGST,SF6,GBVSR,Various,,,,,,,,Fighting Gamers Jogjakarta (FAIJO!),,faijo_jogja,linktr.ee/faijo_fgc,faijo.jogja@gmail.com,,,,,Active,2024.0118,2024.0118
CrossPlay,Indonesia,East Java,Malang,EbesQu Kofie & Eatery,"Jl. Ciliwung I No.2, Purwantoro, Kec. Blimbing, Kota Malang, Jawa Timur 65122",Weekly,Wednesday,Casuals,Various,,,,,,,,,,CrossGathering,,CG X DTC,CrossGath,CrossGathering,https://linktr.ee/crossgathering,cupui@yahoo.com,,,CGxDTC East Java FGC,,Active,2024.0118,2024.0118
Drop The Cap,Indonesia,East Java,Surabaya,Level 99 Store Marvell City,"Jl. Ngagel No.123, Ngagel, Kec. Wonokromo, Kota SBY, Jawa Timur 60246 Marvell City Mall 2nd Floor, Ngagel, Kec. Wonokromo, Surabaya, Jawa Timur 60246, Indonesia",Weekly,Sunday,Casuals,GBVSR,SF6,Tekken,GGST,BBCF,MBTL,DFCI,Various,,,DTCFGC,,,Drop The Cap,,,fgc.dropthecap@gmail.com,,,,,Active,2024.0118,2025.0110
FightHouse Weeklies,Ireland,,Galway,P.J. Flaherty's,"82 Salthill Rd Lower, Galway, H91 C5R2",Weekly,Tuesday,Tournament,SF6,SSBU,,,,,,,,,FightHouseTV,,SSBU Ireland,,,,galaxyejyt@gmail.com,FightHouseTV,,,,Active,2024.0118,2024.0118
Foxhound Factory,Italy,Campania,Napoli,Foxhound Factory,"Corso Atella, 5, 81030 Succivo CE, Italy",Weekly,Thursday,Casuals,Tekken,,,,,,,,,,,,Vesuvian Zaibatsu,,,,,,,,,Active,2024.1212,2024.1212
OkiFlask,Italy,Lombardy,Brescia,Mana Flask,"48 Via Orzinuovi, 25125 Brescia BS, Italy",Monthly,Varies,Casuals,GBVSR,UNI,SF6,KOFXV,Various,,,,,,Spaghetti Showdown,,Spaghetti Showdown - Italian FGC,,,,,,,,,Active,2025.0324,2025.0324
Rampage Gaming Center,Italy,,Rome,Rampage Gaming Center,"Via Ostiense & Via Giovanni di Empoli, Roma, RM, Italy",Every 2 Weeks,Saturday,Tournament,Tekken,SF6,SF6,KOFXV,DBSpark,,,,,,UHUHAHAAAHGAMES,,,,Astros Gaming Roma,,nicound97@gmail.com,RampageGCRoma,CenciuNC,Rampage Gaming Center,Saturday & Sunday,Active,2024.1212,2025.0315
Taisenkai Competitive Meetup,Japan,Fukuoka,Fukuoka,"(varies, check notes column)","Fukuoka, Japan",See Notes,,Tournament,Various,,,,,,,,,,F_taisenkai,,,,,,,,,,Frequency varies,Active,2024.1213,2024.1224
Freestyle Bar Pit,Japan,,Osaka,Freestyle Bar Pit,Freestyle Bar Pit,Weekly,Friday,Tournament,,,,,,,,,,,,,,,,,,,,,source,Active,2024.0122,2024.0122
Game Bar Bridge,Japan,,Tokyo,Game Bar Bridge,"Japan, 〒190-0012 Tokyo, Tachikawa, Akebonocho, 2 Chome−25−4 2F",Weekly,Varies,Tournament,GGST,SF6,Tekken,UNI,,,,,,,,,,,,Game Bar Bridge,,,,,"Runs multiple times a week with various games, check FuguTabetai's page",Active,2024.0402,2024.0402
Tatakai Tuesday,Japan,,Tokyo,Red Bull Gaming Sphere Tokyo,"〒164-0001 Tokyo, Nakano City, Nakano, 3 Chome−33−18 フェルテ中野 B1F",Every 2 Weeks,Tuesday,Tournament,GGST,Tekken,UNI,MBTL,Various,,,,,,MothmanFGC,,,,,,,AnimeILLUMINATI,,,,Active,2024.0402,2024.0402
ShotBar Lucy,Japan,,Tokyo,ShotBar Lucy,"Japan, 〒101-0052 Tokyo, Chiyoda City, 神田小川町 3-10-26 太田屋ビル2F",Weekly,Varies,Tournament,Tekken,SF6,MBTL,KOFXV,,,,,,,,,,,,ShotBar Lucy,,,,,"Runs multiple times a week with various games, check FuguTabetai's page",Active,2024.0402,2024.0402
Retro Multiplayer,Latvia,,Riga,Retro Multiplayer,Kr. Barona 130 k-12,Monthly,Varies,Casuals,Tekken,SF6,GGST,Various,,,,,,,KBakirovs,,Retro Multiplayer,,LFGC.Community,,,,,,,Active,2024.0118,2024.0118
UniCon Cafe Riga,Latvia,,Riga,UniCon Cafe Riga,"Aleksandra Čaka iela 58, Latgales priekšpilsēta, Rīga, LV-1011",Monthly,Varies,Casuals,Tekken,SF6,GGST,Various,,,,,,,KBakirovs,,FGC Latvia,,LFGC.Community UniCon Cafe,,,,,,,Active,2024.0118,2024.0118
World of Games,Latvia,,Riga,World of Games,"Tērbatas iela 6/8, Centra rajons, Rīga, LV-1050",Monthly,Varies,Casuals,Tekken,SF6,GGST,Various,,,,,,,KBakirovs,,FGC Latvia,,LFGC.Community WOG_Bar,,,,,,,Active,2024.0118,2024.0118
Fighting Corner Lux,Luxembourg,,Luxembourg,Kulturhaus Kopstal,"6 Rue de Mersch, 8181 Kopstal Kopstal, Luxembourg",Monthly,Saturday,Tournament,MK1,Various,,,,,,,,,FGC_LUX  videogameslu,,,,,,spigale88@yahoo.fr,fightingcornerlux,,,,Active,2024.0118,2024.0118
Central Smash Series,Luxembourg,,Luxembourg,SweetSpot Asbl,"7 Rue François-Christian Gerden, 8132 Bridel Kopstal, Luxemburg",Monthly,Saturday,Tournament,SSBU,,,,,,,,,,SweetSpot asbl  videogamslu,,Orga & LUX BR Server,SweetSpot Asbl,,,asblsweetspot@gmail.com,,,,,Active,2024.0118,2024.0118
Atlas Gamers,Malaysia,Selangor,Petaling Jaya,Atlas Gamers,"Jalan SS 21/62 & Jalan SS21/1, Damansara Utama, 47400 Petaling Jaya, Selangor, Malaysia",Weekly,Friday,Tournament,Tekken,,,,,,,,,,,,,InsertCoinMalaysia,,,infinitecarnagemy@gmail.com,,,,,Active,2024.0714,2025.0428
Atlas Gamers,Malaysia,Selangor,Petaling Jaya,Atlas Gamers,"Jalan SS 21/62 & Jalan SS21/1, Damansara Utama, 47400 Petaling Jaya, Selangor, Malaysia",Weekly,Sunday,Tournament,SF6,UMvC3,Various,,,,,,,,,,,InsertCoinMalaysia,,,infinitecarnagemy@gmail.com,,,,,Active,2024.0714,2025.0428
Astral Finish,Mexico,Jalisco,Guadalajara,Royalty House,"Av Naciones Unidas 5179, Jardines Universidad, 45110 Guadalajara, Jalisco",Monthly,Saturday,Tournament,SF6,GBVSR,GGST,Various,,,,,,,af_gdl,,,,,,davidortega966@gmail.com,,,,,Active,2024.0118,2024.0118
That Green Stuff,Netherlands,,Almere,GamingLoods,"Markerkant 15 25q 1314 AV Almere, Netherlands",Monthly,Saturday,Tournament,SF6,Tekken,,,,,,,,,,,"""De Loods"" Almere",,,start.gg/thatgreenstuff,,GamingLoods,,,,Active,2024.0621,2024.0621
ZeroFundies,Netherlands,,Amersfoort,Denksport Centrum Amersfoort,"Nijverheidsweg-Noord 76c, 3812 PM Amersfoort, Netherlands",Every 6 Weeks,Varies,Tournament,GGXrd,BBCF,Anime Etc,,,,,,,,ZeroFundies,,,,,start.gg/zerofundies,zerofundamentalsfgc@gmail.com,ZeroFundies,,,,Active,2024.0118,2024.0118
Project Lucia,Netherlands,,Arnhem,GamerzParadise,"Looierstraat 50, 6811 AZ Arnhem",Monthly,Unknown,Tournament,GGST,GGXrd,Rivals,Anime Etc,,,,,,,ArirapLIVE,,,,,,,,,,,Active,2024.0118,2024.0118
Strike Zone,Netherlands,,Eindhoven,Dynamo Esports Center,"Catharinaplein 215611 DE Eindhoven, Netherlands",Every 2 Weeks,Thursday,Tournament,GGST,SF6,GBVSR,SC2,Various,,,,,,DynamoEsportsNL,,Dynamo Esports Center,,,,,,,,,Active,2024.0118,2024.0118
GameNest,Netherlands,,The Hague,GameNest,"Luxemburglaan 1, 2711 BD Zoetermeer, Netherlands",Monthly,Friday,Tournament,SF6,GGST,GBVSR,Retro,,,,,,,AlirezaFGC,,,,,,,,,,,Active,2024.0118,2024.0118
Auckland Ranbats,New Zealand,,Auckland,The Reserve,"133 Line Road, Glen Innes, Auckland 1072",Every 2 Weeks,Saturday,Tournament,SF6,Tekken,GBVSR,GGST,UMvC3,MK1,,,,,standing_fierce,,Standing Fierce NZFGC,Standing Fierce,,https://www.standingfierce.com/,standingfiercedave@gmail.com,StandingFierce,,,On break until March 2 2024,Active,2024.0118,2024.0118
Fighting Monthlies,New Zealand,,Christchurch,Ara Student Lounge," 130 Madras St, Christchurch Central, Christchurch 8011",Monthly,Saturday,Tournament,GGST,SSBU,Tekken,Various,,,,,,,AftershockFgc,,,,,,,aftershockfgc,,,,Active,2024.0118,2024.0118
Hambats Mighty Monthly,New Zealand,,Hamilton,Western Community Centre,"46 Hyde Avenue, Nawton, Hamilton 3200",Monthly,Saturday,Tournament,Tekken,SF6,MK1,SSBU,Various,,,,,,ArahSensei,,,,,,Deane.mason15@gmail.com,Arahshii,,,,Active,2024.0119,2024.0119
Wellington Ranbats,New Zealand,,Wellington,Respawn Esports Center,"9 Manners Street, Te Aro, Wellington 6011",Monthly,Sunday,Tournament,SSBU,MK1,SF6,Tekken,GGST,SSBM,Rivals,KOFXV,GBVSR,P4AU,RespawnEsportsW,,,Wellington FGC,,,Jackson@respawn.co.nz,,,,,Active,2024.0118,2024.0118
Suya Battles,Nigeria,Lagos State,Lagos,Natives Restaurant,"4 Adeyemo Alakija St, Victoria Island, Lagos 106104, Lagos",Weekly,Thursday,Tournament,SF6,,,,,,,,,,SuyaBattles,,,,,,suyabattles@gmail.com,,,,,Active,2024.0118,2024.0118
GG Bergen,Norway,,Bergen,Ungdommens Hus,"Herman Grans vei 6, Laksevåg, Bergen",Weekly,Friday,Casuals,BBCF,GGST,SF6,Tekken,,,,,,,,,GG Bergen  Norsk FGC,GG Bergen,,,fredrik@ggbergen.org,,,GG Bergen,,Active,2024.0118,2024.0118
House of Fighters,Norway,,Oslo,House of Nerds Vulkan,"Vulkan 8, 0178 Oslo",Weekly,Thursday,Tournament,SF6,Tekken,GGST,Various,,,,,,,RankingBattlesN,,Norsk FGC,Ranking Battles Norway,,https://rbnorway.org/,,RBNorway,,Ranking Battles Norway,,Active,2024.0118,2024.0118
FRAME,Norway,,Skien,Fellesverket Fratelli,"Gimsøy Plass 5, 3730 Skien",Every 2 Weeks,Saturday,Tournament,SSBM,SSBU,SF6,Tekken,GGST,,,,,,,,Norsk FGC,,,,,,,,"May be Sunday instead, which day they can get may be back & forth",Active,2024.0118,2024.0118
BÅTIS,Norway,,Tromsø,Tvibit,"Parkgata 27, 9008 Tromsø",See Notes,Weekend,Tournament,GGST,SF6,Rivals,SSBM,HDR,SSBU,Tekken,SSB64,P+,Various,Smash Nord-Norge,Smash Nord-Norge,Spirit of Smash,Smash Nord-Norge,,https://start.gg/baotis,,SpiritofSmash,,Smash Nord-Norge,Happens every 6 weeks,Active,2024.1224,2024.1224
Friendlies PR,Norway,,Tromsø,Tvibit,"Parkgata 27, 9008 Tromsø",Weekly,Wednesday,Tournament,SSBM,SSBU,Rivals,HDR,SSB64,P+,,,,,Smash Nord-Norge,Smash Nord-Norge,Spirit of Smash,Smash Nord-Norge,,https://start.gg/fpr,,SpiritofSmash,,Smash Nord-Norge,Games rotate every week,Active,2024.1224,2024.1224
Honing Traditions,Norway,,Tromsø,Tvibit,"Parkgata 27, 9008 Tromsø",See Notes,Wednesday,Tournament,GGST,SF6,Tekken,GBVSR,Various,,,,,,Smash Nord-Norge,Smash Nord-Norge,Spirit of Smash,Smash Nord-Norge,,https://start.gg/honingtraditions,,SpiritofSmash,,Smash Nord-Norge,Games rotate every week; happens every 3rd week,Active,2024.1224,2024.1224
Maniax,Pakistan,,Lahore,Maniax Gaming Hub,"1055 Fazal e Haq Rd, near daraz office, Karim Block Allama Iqbal Town, Lahore, Punjab 54000",Weekly,Saturday,Tournament,Tekken,,,,,,,,,,Maniaxgaminghub,,,Maniax Gaming Hub,baaz.gg,https://maniaxgaminghub.com/ / https://linktr.ee/baazgg,,ManiaxGamingHub,,Maniax Gaming Hub,,Active,2024.0118,2024.0118
Hilltop Gaming Lounge,Philippines,,Quezon City,Hilltop Gaming Lounge,"261 Katipunan Ave, Quezon City, 1108 Metro Manila",Monthly,Saturday,Tournament,Tekken,SSBU,SF6,,,,,,,,HilltopGamingQC,,,,,,,,,Hilltop Gaming Lounge,Game changes each week,Active,2024.0118,2024.0118
Get to Cup,Russia,Moscow,Moscow,Unknown,"Moscow, Russia",Monthly,Wednesday,Tournament,GGST,SF6,GBVSR,,,,,,,,GetToCup,,GET TO CUP,GET TO CUP (VK),,,,GetToCup,,GET TO CUP,Contact for address,Active,2024.0118,2024.0118
Igrotusa,Russia,Omsk,Omsk,Jinn Lounge Bar,"Ulitsa Lenina, 51, Omsk, Omsk Oblast, Russia, 644010",Monthly,Friday,Casuals,MK1,Tekken,SF6,GGST,Skullgirls,SSBU,,,,,,,,,Игротуса (Igrotusa),,,,,,,Active,2024.0402,2024.0402
FightersGCC,Saudi Arabia,,Riyadh,Unknown,"Riyadh, Saudi Arabia",Weekly,Friday,Casuals,Anime Etc,KOFXV,SF6,UMvC3,Tekken,Various,,,,,FightersGCC,,Fighters GCC,,,,,BadoorSNK,,,Contact for address,Active,2024.0118,2024.0118
Airdasher SG,Singapore,,Singapore,Dreamcore Showroom,"55 Kim Chuan Dr, #09-01 Precise Tree, Singapore 537098",Weekly,Saturday,Casuals,GBVSR,UNI,MBTL,UMvC3,DBFZ,BBCF,GGST,Various,,,airdasher_sea,,Airdasher SEA,AIRDASHER Singapore,,,,Airdasher_SEA,,Airdasher SEA,,Active,2024.0118,2024.0118
EXCLUSIVE Dojo,Slovakia,,Trenčín,Sokolovňa Pub,"Mládežnícka 2, Trenčín, Slovakia 911 01",Monthly,Saturday,Casuals,SF6,Tekken,GGST,KOFXV,Various,,,,,,excelsior_fgc,,EXCELSIOR,,excelsior.fgc,https://linktr.ee/excelsior.fgc,,excelsior_fgc,,excelsior_fgc,Slovak Fighting Game Community,Active,2025.0218,2025.0218
rAge Drive,South Africa,,Johannesburg,Gallagher Convention Center,"19 Richards Dr, Halfway House, Midrand, 1685",Unknown,Sunday,Tournament,SF6,Tekken,MK1,,,,,,,,UGCZA,,,UGCZA,UGCZA,,,UGCZA,,UGCZA,,Active,2024.0118,2024.0118
GGALC Ecorp,Spain,,Alicante,Ecorp,"Carrer Doctor Fleming, 3, 03202 Elx, Alicante",Every 2 Weeks,Saturday,Tournament,GGST,SF6,GBVSR,,,,,,,,StriveAlicante,,Fighting Games ALC,,,,,StriveAlicante,,,,Active,2024.0118,2024.0118
MadridFGC,Spain,,Madrid,MadridFGC,"C. de los Urquiza, 46, B, Cdad. Lineal, 28017 Madrid",Unknown,Unknown,Tournament,Tekken,SF6,GBVSR,GGST,Various,,,,,,MadridFGC,,,,MadridFGC,,madridfgc@gmail.com,MadridFGC,,,,Active,2024.0118,2024.0118
Fighting Games Zaragoza Bracket,Spain,,Zaragoza,Fighting Games Zaragoza,"Calle de las Rosas, 3, Zaragoza",Weekly,Saturday,Tournament,SSBU,SF6,DBFZ,GBVSR,Tekken,SSBM,P+,,,,FGZaragoza,,,,Fighting Games Zaragoza,,,FGZaragoza,,,,Active,2024.0118,2024.0118
Fighting Games Zaragoza Casuals,Spain,,Zaragoza,Fighting Games Zaragoza,"Calle de las Rosas, 3, Zaragoza",Weekly,Sunday,Casuals,SSBU,SF6,DBFZ,GBVSR,Tekken,SSBM,P+,,,,FGZaragoza,,,,Fighting Games Zaragoza,,,FGZaragoza,,,,Active,2024.0118,2024.0118
Inferno Online Ranking Battle,Sweden,,Gothenburg,Inferno Online,"Kungsportsavenyen 26, 411 36 Göteborg",Monthly,Sunday,Tournament,SF6,,,,,,,,,,NegativeEdgeGBG,,Negative Edge Göteborg,Negative Edge Fightingspelsförening,,,,,,,,Active,2024.0119,2024.0119
Kappa Bar Casuals,Sweden,,Gothenburg,Kappa Bar,"Rosenlundsgatan 8, 411 20 Göteborg",Weekly,Varies,Casuals,SF6,,,,,,,,,,NegativeEdgeGBG,,Negative Edge Göteborg,Negative Edge Fightingspelsförening,,,,,,,,Active,2024.0119,2024.0119
Stockholm Smackdown,Sweden,,Stockholm,Dragon's Lair,Kungsholmstorg 8. 112 21 Stockholm,Weekly,Monday,Tournament,Tekken,SF6,GGST,,,,,,,,LightDashSthlm,,LightDash Stockholm,,,,,,,,,Active,2024.0118,2024.0118
Counter Hit,Sweden,,Stockholm,Red Bull Gaming Sphere,"Surbrunnsgatan 59, 113 27 Stockholm, Sweden",Monthly,Sunday,Tournament,GGST,Tekken,SF6,,,,,,,,Flower,,COUNTER HIT,,,,,,,,,Active,2024.1213,2024.1213
Kappa Bar Fight Night,Sweden,,Upssala,Kappa Bar,"Svartbäcksgatan 29, 753 32 Uppsala, Sweden",Weekly,Tuesday,Casuals,Tekken,SF6,Various,,,,,,,,,,Uppsala FGC,,,,,,,,people under 18 need adult supervision; check the discord for meetup days,Active,2024.1213,2024.1213
Monthly Mash,Switzerland,,Basel,ManaBar Basel,"Güterstrasse 99, 4053 Basel",Monthly,Wednesday,Tournament,GBVSR,SF6,UNI,3S,Various,,,,,,okk2094,,HardReadCH,,,https://fgcbasel.club,,JustDaveEU,,,Tournaments vary between normal double elim and fun gimmicks,Active,2024.0118,2024.0118
Versus Wednesdays,Switzerland,,Basel,ManaBar Basel,"Güterstrasse 99, 4053 Basel",Weekly,Wednesday,Casuals,GGST,Tekken,SF6,DBFZ,UNI,Various,,,,,okk2094,,HardReadCH,,,https://fgcbasel.club,,JustDaveEU,,,,Active,2024.0118,2024.0118
HardRead Monthly,Switzerland,,Zurich,HardRead,"Moosmattstrasse 30, 8953 Dietikon",Monthly,Saturday,Tournament,GGST,,,,,,,,,,HardReadCH,,HardReadCH,,,https://www.hardread.ch/,,hardreadch,,,,Active,2024.0118,2024.0118
HardRead Weeklies,Switzerland,,Zurich,HardRead,"Moosmattstrasse 30, 8953 Dietikon",Weekly,Friday,Tournament,SF6,UNI,GGST,Tekken,GBVSR,3S,GGXrd,DBFZ,KOFXV,Various,HardReadCH,,HardReadCH,,,https://www.hardread.ch/,,hardreadch,,,"Games rotate, check the site",Active,2024.0118,2024.0118
Airdasher Thailand,Thailand,,Unknown,Unknown,Thailand,Unknown,Unknown,Unknown,Unknown,,,,,,,,,,,,AIRDASHER THAILAND,Airdasher Thailand,,,,,,,,Active,2024.0118,2024.0118
StrikeDown,Turkey,,Istanbul,Various,"Istanbul, Turkey",Every 2 Weeks,Unknown,Tournament,MBTL,3S,Various,,,,,,,,RedParryFGC,,RedParry,,RedParryFGC,,,,,,"No set venue; conventions in İstanbul & Ankara, occasionally in Kadıköy",Active,2024.0118,2024.0118
Titans Clash,UAE,Sharjah,Sharjah,Titan Internet Cafe,Sheikh Khalifa Bin Zayed Al Nahyan Rd - Industrial Area - Muwailih Commercial - Sharjah,Monthly,Saturday,Tournament,SF6,,,,,,,,,,VslashEsports,,vSlashesports,,,https://allmylinks.com/vslashesports,,vslashesports,,vSlash eSports,,Active,2024.0118,2024.0118
Waistman Weeklies,UK,England,Bristol,The Lanes Bristol,"22 Nelson St, Bristol BS1 2LE, UK",Weekly,Sunday,Tournament,SF6,GGST,Tekken,GBVSR,3S,Mystery,Various,,,,SodiumShowdown,,"SMBF ""Thuggery""",,,https://superminerbattle.farm/,smbfbristol@gmail.com,SodiumShowdown,,,,Active,2024.0118,2024.0118
Tender Loving Cancels,UK,England,Durham,Teaching and Learning Centre,"South Rd, Durham DH1 3LS",Every 2 Weeks,Saturday,Tournament,SF6,GGST,,,,,,,,,DUEG_FG,,Durham University Esports and Gaming,,,https://www.start.gg/hub/durham-university-fighting-games,,durhamesports,,,Venue open from 4PM to 9PM,Active,2024.0118,2024.0118
Guildford FGC Weeklies,UK,England,Guildford,The George Abbott Pub,"7-11 High St, Guildford GU2 4AB, UK",Weekly,Monday,Casuals,GBVSR,Tekken,GGST,,,,,,,,,GuildfordFGC,Guildford FGC,,,,,,,,,Active,2024.1214,2024.1214
Battle by the Wey,UK,England,Guildford,The Stoke Pub,"103 Stoke Rd, Guildford GU1 4JN, UK",Monthly,Sunday,Tournament,GBVSR,Tekken,GGST,,,,,,,,,GuildfordFGC,Guildford FGC,,,,,,,,,Active,2024.1214,2024.1214
Sunday Face Off,UK,England,Leeds,Belgrave Music Hall and Canteen,"Cross Belgrave St, Leeds LS2 8JP",Monthly,Sunday,Tournament,SF6,Tekken,GBVSR,GGST,,,,,,,SundayFaceOff,,,,,,,SFOTV,,,,Active,2024.0118,2024.0118
Sunday Face Off Casuals,UK,England,Leeds,Pixel Bar Leeds,"25 Great George St, Leeds LS1 3AL",Weekly,Wednesday,Casuals,SF6,Tekken,GBVSR,GGST,,,,,,,SundayFaceOff,,,,,,,SFOTV,,,,Active,2024.0118,2024.0118
MerseyBeats,UK,England,Liverpool,LevelTap eSports Bar,"45 Hanover Street, Liverpool L1 3DN",Weekly,Thursday,Casuals,SF6,Tekken,GGST,GGXrd,GBVSR,UNI,BBCF,SamSho,Various,,MerseysideFGC,,Mersey FGC,,,https://linktr.ee/mfgc,,MerseysideFGC,,MerseysideFGC,Games change every week; no entry fee for casuals,Active,2024.0118,2024.0118
Merseyside FGC Monthly,UK,England,Liverpool,LevelTap eSports Bar,"45 Hanover Street, Liverpool L1 3DN",Monthly,Saturday,Tournament,SF6,Tekken,GGST,GGXrd,GBVSR,UNI,BBCF,SamSho,Various,,MerseysideFGC,,Mersey FGC,,,https://linktr.ee/mfgc,,MerseysideFGC,,MerseysideFGC,Games change every week; no entry fee for casuals,Active,2024.0118,2024.0118
The Fight Lab,UK,England,London,Meltdown London,"342 Caledonian Rd, London N1 1BB",Weekly,Tuesday,Tournament,Tekken,SF6,GGST,Various,,,,,,,Fight_Lab,,FightLab Brighton/London FGC,,,https://fightlab.gg/,,FightLab,,The Fight Lab UK,,Active,2024.0118,2024.0118
Fight Series,UK,England,Manchester,Pixel Bar Manchester,"10 Thomas St, Manchester M4 1DH, UK",Monthly,Varies,Tournament,Tekken,SF6,GGST,Various,,,,,,,MBA_GAMING,,Manchester Battle Arena,,,,mbagaming8@gmail.com,MBA_GAMING,,MBA Gaming,"One game per month; day depends on venue availability, check links",Active,2024.0120,2024.0120
Manchester Battle Arena,UK,England,Manchester,Pixel Bar Manchester,"10 Thomas St, Manchester M4 1DH, UK",Weekly,Monday,Casuals,SF6,Tekken,GGST,SC6,Various,,,,,,MBA_GAMING,,Manchester Battle Arena,,,,mbagaming8@gmail.com,MBA_GAMING,,MBA Gaming,Free entry for casuals,Active,2024.0120,2024.0120
Newcastle Fight Club,UK,England,Newcastle,Pacific House,"12-22 Northumberland Rd, Newcastle upon Tyne NE1 8JF",Every 2 Months,Sunday,Tournament,SF6,MK1,Various,,,,,,,,NewcastleFGC,,Newcastle Fight Club,Newcastle Fight Club,,,,,,,,Active,2024.0118,2024.0118
Albion Games,UK,England,Norwich,Albion Games Cafe,"21 St Benedicts St, Norwich NR2 4PF",Weekly,Monday,Casuals,SSBU,SF6,Various,,,,,,,,GPtheTO,,Albion Games Cafe,,,https://www.albiongamescafe.com/events,,,,,,Active,2024.0118,2024.0118
NeoMax,UK,England,Nottingham,The Barley Twist,"91 Carrington St., Nottingham NG1 7FE",Every 2 Weeks,Tuesday,Tournament,SSBU,SSBM,GGST,SF6,,,,,,,MaxCancelSSB,,,Max Cancel,,start.gg/neomax,maxcancelssb@gmail.com,,,,GGST & SF6 alternate between each other,Active,2024.0118,2024.0118
Steel City Clash,UK,England,Sheffield,Extra Time Sports Bar & Grill,"60 Brown St, Sheffield City Centre, Sheffield S1 2BS",Weekly,Wednesday,Casuals,Various,,,,,,,,,,,,Steel City Clash,,,,,,,,,Active,2025.0114,2025.0114
Battle in the South,UK,England,South Hampshire,Guildhall Village,"25 Guildhall Walk, Portsmouth PO1 2RY, UK",Every 2 Months,Sunday,Tournament,SF6,Tekken,3S,VF5,,,,,,,,nukicola,Battle In The South,,,https://www.start.gg/tournament/battle-in-the-south-03/details,robertyoung746@gmail.com,,,,,Active,2024.1214,2024.1214
Reset Aberdeen,UK,Scotland,Aberdeen,Love Rara,"12-14 Justice St, Aberdeen AB11 5HR",Weekly,Sunday,Casuals,SF6,Tekken,SSBU,Anime Etc,,,,,,,resetaberdeen,,RESET Aberdeen,Reset Aberdeen,ResetAberdeen,https://linktr.ee/resetaberdeen,,ResetAberdeen,,Reset Aberdeen,,Active,2024.0118,2024.0118
Giant Attack,UK,Scotland,Dundee,The Old Bank Bar,"34 Reform St, Dundee DD1 1RJ",Weekly,Monday,Tournament,GBVSR,GGST,SF6,UNI,Tekken,,,,,,GiantAttack,,Giant Attack Dundee,,,,,,,,Games rotate,Active,2024.0118,2024.0118
Rushdown Edinburgh,UK,Scotland,Edinburgh,The Outhouse,"12A Broughton St Ln, Edinburgh EH1 3LY, UK",Weekly,Monday,Tournament,SF6,Tekken,Retro,Various,,,,,,,RushdownEdin,RushdownEdinburgh,,,,,Rushdown.edinburgh.v2@gmail.com,RDE_RushdownEdinburgh,,,,Active,2024.0118,2024.1212
Burn to Fight Glasgow,UK,Scotland,Glasgow,West End Games,"162 Queen Margaret Dr, Glasgow G20 8NX",Weekly,Thursday,Tournament,SF6,Tekken,GBVSR,Various,,,,,,,B2FGlasgow,,Burn to Fight Glasgow,,,,,BurnToFightGlasgow,,,,Active,2024.0118,2024.0118
Caledonian Clash,UK,Scotland,Inverness,Caledonian,"9 High St, Inverness IV1 1HY, UK",Weekly,Monday,Tournament,SF6,Tekken,Various,,,,,,,,CaledonianClash,,Caledonian Clash,,,,,,,,,Active,2024.1214,2024.1214
Battle Lounge Fife,UK,Scotland,Kirkcaldy,The Hive LGBTQ+ Centre,"10 Whytescauseway, Kirkcaldy KY1 1XF",Weekly,Thursday,Tournament,SF6,Tekken,KI,GGST,Retro,,,,,,BLF_FGC,Battle Lounge Fife,Battle Lounge Fife,,,,,battleloungefife,,,,Active,2024.0118,2024.1213
Odesa Local FGC,Ukraine,Odessa,Odessa,Unknown,"Odessa, Ukraine",Unknown,Unknown,Tournament,GGST,Tekken,SF6,,,,,,,,fgcodesa,,Odesa_FGC,odesa_fgc (Telegram),,,,,,,Contact for address,Active,2024.0118,2024.0118
NCA Live,USA,Alabama,Auburn,Various,"Auburn, Alabama",See Notes,Saturday,Tournament,Tekken,MK1,GGST,SF6,Various,,,,,,NCALiveFGC,,,,,https://newchallengerapproaching.org/,Newchallengerapproachingfgc@gmail.com,,,,Contact for address; frequency varies,Active,2024.0118,2024.1224
Heavy Kickback,USA,Alabama,Birmingham,The Basement,"Birmingham, Alabama",Monthly,Saturday,Tournament,SF6,GGST,BBCF,MK1,UNI,Tekken,,,,,AVectorSpecter,,B'ham FGC,,,,AVectorSpecter@gmail.com,VectorSpecter,,,Contact for address,Active,2024.0118,2024.0118
Area256,USA,Alabama,Huntsville,DiVRGence,"3015 Governors Dr SW, Huntsville, AL 35805",Weekly,Thursday,Tournament,SF6,Tekken,GGST,UNI,GBVSR,,,,,,Area256FGC,,Area 256 FGC,,,https://linktr.ee/area256fgc,,,,Area 256 FGC,,Active,2024.1212,2024.1212
Versus Huntsville,USA,Alabama,Huntsville,University of Alabama Hunstville,"1410 Ben Graves Dr NW, Huntsville, AL 35816",Monthly,Saturday,Tournament,SSBU,SSBM,GGST,SF6,Rivals,P+,Mystery,,,,,,,Versus Huntsville,,,nblatham@outlook.com,AlabamaSmashLeague,ChargerSmash,Charger Smash,,Active,2024.0118,2024.0118
Monday Night Combat,USA,Alaska,Anchorage,Thai Kitchen,"3421 E Tudor Rd #A, Anchorage, AK 99507",Every 2 Weeks,Monday,Tournament,GGST,GBVSR,Tekken,SF6,,,,,,,,,AKG: AlaskaGamers,Alaska Gamers,,https://alaskagamers.com/,,,,,,Active,2024.0118,2024.0118
Reignited,USA,Arizona,Phoenix,Arizona State University,"Education Lecture Hall, 100 E Gammage Pkwy, Tempe, AZ 85281",Weekly,Friday,Tournament,SF6,Tekken,GGST,BBCF,Various,,,,,,,,AZ Airdashers,,,,,,,,Weekly when ASU is in session; contact Arconi on AZ Airdashers Discord,Active,2024.0610,2024.0610
MKO Free Casuals Day,USA,Arizona,Phoenix,MK Tech Center,"7300 W Boston St, Chandler, AZ 85226",Every 2 Weeks,Saturday,Casuals,Tekken,SF6,GGST,GBVSR,UNI,,,,,,,,AZ Airdashers / WGP's AZ Tekken Discord,,,,gatts@mechanicalkeyboards.com,,,,Alternates weeks with the tournament version,Active,2024.0610,2024.0610
MKO!,USA,Arizona,Phoenix,MK Tech Center,"7300 W Boston St, Chandler, AZ 85226",Every 2 Weeks,Saturday,Tournament,Tekken,SF6,GGST,GBVSR,UNI,,,,,,,,AZ Airdashers / WGP's AZ Tekken Discord,,,,gatts@mechanicalkeyboards.com,,,,Alternates weeks with the casuals version,Active,2024.0610,2024.0610
Phoenix Locals,USA,Arizona,Phoenix,The Gaming Zone,"930 W Broadway Rd #5, Tempe, AZ 85282",Weekly,Friday,Casuals,SF6,Tekken,Various,,,,,,,,TheXButton,,,,,,TheXButton@gmail.com,TheXButton,,,,Active,2024.0118,2024.0118
Secret Lab,USA,Arizona,Phoenix,The Gaming Zone,"930 W Broadway Rd #5, Tempe, AZ 85282",Monthly,Saturday,Tournament,SF6,,,,,,,,,,TheXButton,,,,,,TheXButton@gmail.com,TheXButton,,,,Active,2024.0118,2024.0118
AZ Airdashers Potluck,USA,Arizona,Phoenix,The Gaming Zone Glendale,"10040 N 43rd Ave #1k, Glendale, AZ 85302",Quarterly,Saturday,Casuals,Various,Mystery,,,,,,,,,,,AZ Airdashers,,,,,,,,Contact @kenja in the AZ Airdashers Discord,Active,2024.0610,2024.1212
Tucson Locals,USA,Arizona,Tucson,Tuscon Police Department,"1100 S Alvernon Way, Tucson, AZ 85713",Weekly,Friday,Casuals,Tekken,SF6,Various,,,,,,,,,,Tucson Tekken,Tucson AZ FGC,,,,,,,,Active,2024.0118,2024.0118
Bears by the Maul Gaming Lounge,USA,Arkansas,Fayetteville,Bears by the Maul Gaming Lounge,"6302 Wilkerson St, Fayetteville, AR 72704",Weekly,Wednesday,Casuals,Tekken,UNI,,,,,,,,,cdb,,,,,,shaundude@hotmail.com,,,,,Active,2024.0118,2024.0118
Southside Dojo,USA,Arkansas,Little Rock,The Batcave,"2125 Harkrider St, Conway, AR 72032",Monthly,Saturday,Tournament,SF6,GBVSR,GGST,DBFZ,UNI,,,,,,ArkFighters,,ARKFighters,Arkansas FG Network,,http://www.arkfighters.com/,bmg.badmangaming@gmail.com,ARKFighters,,,,Active,2024.0118,2024.0118
MADHouse,USA,California,Bay Area,Cartridge Cartel,"43134 Christy St, Fremont, CA 94538",Weekly,Thursday,Tournament,SF6,MK1,,,,,,,,,Bay Area MADHouse,,MADHouse,,,,bayareamadhouse@gmail.com,BayAreaMADHouse,,Bay Area MADHouse,,Active,2024.0118,2024.0118
SlugFest,USA,California,Bay Area,Euphnet Cyber Cafe,612 S. Mary Ave Sunnyvale California 94087,Weekly,Wednesday,Tournament,SF6,,,,,,,,,,Capsule_Ent,,Euphnet Cyber Cafe,Capsule Entertainment,Capsule_Entertainment,,,CapsuleEntertainment,,,,Active,2024.0118,2024.0118
Tech City Tekken,USA,California,Bay Area,Euphnet Cyber Cafe,612 S. Mary Ave Sunnyvale California 94087,Weekly,Thursday,Tournament,Tekken,,,,,,,,,,Euphnet,,Euphnet Cyber Cafe,,,https://linktr.ee/euphnet,,CapsuleEntertainment,,,,Active,2024.0118,2024.0118
Versus Reborn,USA,California,Bay Area,Euphnet Cyber Cafe,612 S. Mary Ave Sunnyvale California 94087,Weekly,Tuesday,Tournament,SSBU,,,,,,,,,,Euphnet,,Euphnet Cyber Cafe,,,https://linktr.ee/euphnet,,CapsuleEntertainment,,,,Active,2024.0118,2024.0118
Caliburst,USA,California,Bay Area,Gamecenter,"575 Mountain View Ave., Belmont, CA",Monthly,Saturday,Tournament,GGXrd,Skullgirls,,,,,,,,,pattheflip,,,,,,,pattheflip,,,,Active,2024.0118,2024.0118
NorCal Dogfight,USA,California,Bay Area,Gamecenter,"575 Mountain View Ave., Belmont, CA",Monthly,Saturday,Tournament,UNI,GBVSR,GGXXACR,GGST,Anime Etc,,,,,,norcaldogfight,,Norcal AFGC,,,start.gg/ncd,kazmadan@gmail.com,NorcalDogfight,,NorcalDogfight,,Active,2024.0118,2024.0118
Guildhouse Esports Thursday,USA,California,Bay Area,Guildhouse,"420 First St, San Jose, CA 95113",Weekly,Thursday,Tournament,SF6,SSBM,,,,,,,,,guildhousesj,,,Guildhouse,Guildhouse,https://www.guildhouse.gg/,,,,Guildhouse,,Active,2024.0118,2025.0315
Guildhouse Esports Wednesday,USA,California,Bay Area,Guildhouse,"420 First St, San Jose, CA 95113",Weekly,Wednesday,Tournament,GGST,SSBU,,,,,,,,,guildhousesj,,,Guildhouse,Guildhouse,https://www.guildhouse.gg/,,,,Guildhouse,,Active,2024.0118,2025.0315
NorCalibur,USA,California,Bay Area,Guildhouse,"420 First St, San Jose, CA 95113",Weekly,Saturday,Casuals,SC6,,,,,,,,,,NorCalibur,,,,,,,Bigpapachunk,,,,Active,2024.0118,2025.0315
Astral Beatdown,USA,California,Bay Area,Magitek Games,"1122 Cadillac Ct, Milpitas, CA 95035",Monthly,Saturday,Tournament,GBVSR,BBCF,MBTL,Various,,,,,,,NorcalGBVS,,Norcal AFGC,Magitek Games,,start.gg/astral,,NorcalGranblue,,,2nd Saturday,Active,2024.1118,2024.1212
King's Cup,USA,California,Bay Area,The Foundry,"1425 Folsom St, San Francisco, CA 94103",Monthly,Friday,Tournament,SF6,GGST,GBVSR,MK1,KOFXV,,,,,,KingsCupSF  TheFoundrySF,,,King's Cup,KingsCupSF,smash.gg/kingscup,kingscup.fgc@gmail.com,,,,,Active,2024.0118,2024.0118
(S)Mashup Sunday,USA,California,High Desert,AV Underground,"1016 E Lancaster Blvd, Lancaster, CA 93535",Every 2 Weeks,Sunday,Tournament,SSBU,,,,,,,,,,FGCAVU,,AV Underground,A.V. Underground,Antelope Valley Underground,https://linktr.ee/avunderground,antelopevalleyunderground@gmail.com,AVUnderground,AVTekkenUnderground,AV Tekken Underground AV Underground,,Active,2024.0610,2024.0610
Flashkick Friday,USA,California,High Desert,AV Underground,"1016 E Lancaster Blvd, Lancaster, CA 93535",Weekly,Friday,Tournament,Tekken,SF6,KOFXV,GGST,GBVSR,MK1,UNI,,,,FGCAVU,,AV Underground,A.V. Underground,Antelope Valley Underground,https://linktr.ee/avunderground,antelopevalleyunderground@gmail.com,AVUnderground,AVTekkenUnderground,AV Tekken Underground AV Underground,,Active,2024.0211,2024.0211
Game Play Monthlies,USA,California,High Desert,Gameplay,"2520 E Palmdale Blvd suite G-22, Palmdale, CA 93550",Monthly,Saturday,Tournament,Tekken,SSBU,SF6,MK1,KOFXV,GBVSR,GGST,UNI,,,FGCAVU,,AV Underground,AVTekkenUnderground,AVUnderground,AVUnderground / Startgg Signup Page,antelopevalleyunderground@gmail.com,AVTekkenUnderground,AVUnderground,,,Active,2024.0610,2024.0610
Super Smashdown,USA,California,High Desert,LineBreakers,"15491 7th St, Victorville, CA 92395, USA",Monthly,Sunday,Tournament,SSBU,HDR,,,,,,,,,team_smash_hd,,Team Smash,,Team Smash,https://linktr.ee/Team_Smash_HD,teamsmash1223@gmail.com,Team Smash 2,,Team Smash HD,First Sunday of every month,Active,2024.0219,2024.0219
High Desert Fury,USA,California,High Desert,Not An Arcade,"17153 Bear Valley Rd suite1, Hesperia, CA 92345",Weekly,Thursday,Tournament,MK1,SF6,Tekken,,,,,,,,KombatStreetHD,,Saino's FGC Hub!,,,,,,,,,Active,2024.0215,2024.0215
Tuesday Throwdown,USA,California,High Desert,Not An Arcade,"17153 Bear Valley Rd suite1, Hesperia, CA 92345",Weekly,Tuesday,Tournament,SSBU,Various,,,,,,,,,SoySaino,,Saino's FGC Hub!,,,,soysaino16@gmail.com,,,,,Active,2024.0215,2024.0215
Bonus Fruit Brawl,USA,California,High Desert,Seven's Goods,"15885 Main St Unit 130, Hesperia, CA 92345",Weekly,Monday,Tournament,SSBU,,,,,,,,,,hidesertesports,,High Desert eSports,,,https://linktr.ee/highdesertesports,highdesertesports@gmail.com,High_Desert_Esports,High_Desert_Esports_2,High Desert eSports,,Active,2024.0118,2024.0118
Chains of Fate Monthly,USA,California,Orange County,"Requiem: Coffee, Tea, and Fantasy","280 S Clementine St., Anaheim, CA 92805",Monthly,Sunday,Tournament,Tekken,,,,,,,,,,,,,,,https://start.gg/cofmonthly,,SoCal_Suma,,SoCalSUMA,,Active,2024.0118,2024.0610
Conflux Gaming,USA,California,Palm Springs,Conflux Gaming,"68960 E Palm Canyon Dr, Cathedral City, CA 92234",Weekly,Wednesday,Tournament,SSBU,SF6,MK1,GGST,,,,,,,ConfluxGaming,,Conflux Gaming,Conflux Gaming,Conflux Gaming,https://www.confluxgaming.com/,info@confluxgaming.com,ConfluxGaming,,Conflux Gaming,,Active,2024.0118,2024.0118
Fire & Ice Games,USA,California,Sacramento,Fire & Ice Games,"6660 Lonetree Blvd, Rocklin, CA 95765",Every 2 Weeks,Friday,Tournament,SF6,GGST,SSBU,SSBM,P+,SSB64,,,,,SacUltEvents,,Sacramento Ultimate Events,,,,,Almacon,SacUltEvents  sacultevents2,,,Active,2024.0118,2024.0118
Tag Battle,USA,California,Sacramento,Innogrove Coworking,"8153 Elk Grove Blvd, Elk Grove, CA 95758",Monthly,Saturday,Tournament,GGXrd,GGST,GBVSR,UNI,BBCF,DFCI,Various,,,,TagInBattle,,Tag In Battle,,,start.gg/taginbattle,,juicer5024,,,4th Saturday,Active,2024.0118,2024.0118
Ride of the Valkyries,USA,California,Sacramento,Valhallan eSports Training,"187 Blue Ravine Rd Suite 12, Folsom, CA 95630, USA",Every 2 Weeks,Saturday,Tournament,SF6,Tekken,,,,,,,,,Dospewoner,,,,,start.gg/RoTV,,vhsfm,,dospe,,Active,2025.0102,2025.0102
FGC at UCLA,USA,California,SoCal,Ackerman 3508 & Ackerman 2408,"308 Westwood Plaza, Los Angeles, CA 90024",Weekly,Friday,Tournament,GBVSR,SF6,Tekken,UNI,KOFXV,MBAACC,GGST,Mystery,Various,,,,FGC at UCLA,,,,,,,,"Games list changes, see discord",Active,2024.0118,2024.0118
Battle Garden,USA,California,SoCal,ArcadeShock,"227 E Compton Blvd, Gardena, CA 90248",Unknown,Saturday,Tournament,SF6,,,,,,,,,,BurnMeter,,,,,,,nonimeg,,,,Active,2024.0118,2024.0118
Down Back Tuesdays,USA,California,SoCal,Arrow Lodge Brewing,"950 E 3rd St #1A, Los Angeles, CA 90013",Every 2 Weeks,Tuesday,Tournament,SF6,Tekken,,,,,,,,,DownBackClub,,,,DownBackClub,https://linktr.ee/downbackclub,,DownBackClub,,,,Active,2024.0118,2024.0118
Thirsty Thursday Casuals 21+,USA,California,SoCal,BarcodeOC,12926 Main St. Garden Grove CA 92840,Weekly,Thursday,Casuals,SF6,3S,Retro,,,,,,,,BarcodeOC,,,Barcode,Barcode.oc,https://www.barcodegg.com/,,,,,,Active,2024.0118,2024.0118
ELA Battles: Square-UP!,USA,California,SoCal,BYO Games,"3555 1st St, Los Angeles, CA 90063",Weekly,Saturday,Tournament,SF6,,,,,,,,,,BYOGAMES_ELA,,BYOG_ELA,,,start.gg/sqrup,,,,,,Active,2024.0118,2024.0118
Cal Poly Pomona FGC Casuals,USA,California,SoCal,Cal Poly Pomona,"3801 W Temple Ave, Pomona, CA 91768 | Bldg. 35",Every 2 Weeks,Monday,Casuals,SF6,GGST,Tekken,GBVSR,DBFZ,Various,,,,,CPPFGC,,Cal Poly Pomona FGC,,,https://linktr.ee/cppfgc,socalcollegiatefgc@gmail.com,,,Cal Poly Pomona FGC,,Active,2024.0119,2024.0119
FragFest,USA,California,SoCal,Cal Poly Pomona,"3801 W Temple Ave, Pomona, CA 91768 | Bldg. 35",Every 6 Months,Varies,Tournament,SF6,GGST,Tekken,GBVSR,DBFZ,Various,,,,,CPPFGC,,Cal Poly Pomona FGC,,,https://linktr.ee/cppfgc,socalcollegiatefgc@gmail.com,,,Cal Poly Pomona FGC,"Happens once per semester, look to social links for more info",Active,2024.0119,2024.0119
Inferno,USA,California,SoCal,CAPS Media Center,"65 Day Rd, Ventura, CA 93003",Monthly,Friday,Tournament,Tekken,GGST,SF6,USF4,,,,,,,TFunFlame,,FunFlame Tournaments,,tfunflame,,,,,Funflame Tournaments,,Active,2024.1212,2024.1212
Chop Chop Throwdown,USA,California,SoCal,Chop Chop Chicken,"2201 S Atlantic Blvd, Monterey Park, CA 91754, USA",Monthly,Sunday,Tournament,SF6,,,,,,,,,,BracketDemonsGG,BracketDemons,,,,https://allmylinks.com/bracketdemons,,BracketDemons,,Bracket Demons,,Active,2024.1212,2024.1212
SoCal Colosseum,USA,California,SoCal,Cooper’s ESports Gaming Center,2700 Alton Parkway Irvine California 92606,Monthly,Saturday,Tournament,SF6,GGST,Tekken,KOFXV,GBVSR,UNI,,,,,ContenderFGC,,Contender Colosseum,,,https://linktr.ee/contendercolosseum,socalfgcvods@gmail.com,ZiggyBoggy,,SocalFGCVods,Games list changes each month,Active,2024.0118,2024.1212
SoCal Colosseum,USA,California,SoCal,Cooper’s ESports Gaming Center,2700 Alton Parkway Irvine California 92606,Weekly,Friday,Tournament,SF6,GGST,Tekken,GBVSR,UNI,,,,,,ContenderFGC,,Contender Colosseum,,,start.gg/socalcolosseum,socalfgcvods@gmail.com,ZiggyBoggy,,SocalFGCVods,,Active,2024.0118,2024.1212
Don's Arcade,USA,California,SoCal,Don's Arcade,"21329 Conradi Avenue, Torrance CA 90502",Weekly,Friday,Casuals,SSF2T,3S,VSav,MvC2,CvS2,SF6,Retro,Various,,,btran3s,,,,,,,,,,,Active,2024.0204,2024.0204
Side Step Saturday,USA,California,SoCal,Dxn Provisions,"215 S 1st Ave, Arcadia, CA 91006",Weekly,Saturday,Tournament,SF6,Tekken,,,,,,,,,BrandiniPC,,SoCal Tekken Locals,,,,,Dxn_Provisions,brandini_pc,,,Active,2024.0118,2024.0118
Extraordinaire Arcade,USA,California,SoCal,Extraordinaire Arcade,"2347 N Sierra Way, San Bernardino, CA 92405, USA",Monthly,Sunday,Tournament,SSBU,MK1,Tekken,SF6,,,,,,,Truegam3r,,,,,,truegamer951@gmail.com,,,,Games list rotates each month,Active,2024.0727,2024.0727
AnimeFightNight,USA,California,SoCal,Game Realms,"137 N Victory Blvd, Burbank, CA 91502",Monthly,Saturday,Tournament,GGST,GGXrd,GGXXACR,Skullgirls,GBVSR,UNI,Various,,,,Game_Realms,,Fighting Game Realms,,,,gamerealmsstoreburbank@gmail.com,GameRealms,,,,Active,2024.1213,2024.1213
DriveRushHour,USA,California,SoCal,Game Realms,"137 N Victory Blvd, Burbank, CA 91502",Every 2 Weeks,Friday,Tournament,SF6,Tekken,,,,,,,,,Game_Realms,,Fighting Game Realms,,,,gamerealmsstoreburbank@gmail.com,GameRealms,,,,Active,2024.0118,2024.1213
Calle de Joestar,USA,California,SoCal,Grails Gone Wild,"2140 Artesia Blvd, STE A, Torrance, CA 90504",Every 2 Weeks,Saturday,Tournament,SF6,,,,,,,,,,Jesus_Joestar,,,,,https://www.ggwcardsncollects.com/product/street-fighter-6/929,,,,,,Active,2024.0118,2024.0118
Game Lab Mega Monthly,USA,California,SoCal,Riverside Game Lab,"3633 Market St, Riverside, CA 92501",Monthly,Saturday,Tournament,GGST,UNI,GBVSR,MBTL,SF6,MK1,KOFXV,Tekken,Various,,PlusFramesGG,,PlusFramesGG,,,,,,,PlusFramesGG,"2nd to last Saturday & Sunday, 2-day event",Active,2024.0118,2024.0118
Game Lab Smash,USA,California,SoCal,Riverside Game Lab,"3633 Market Street, Riverside, CA 92501",Weekly,Friday,Tournament,SSBU,,,,,,,,,,OMF_Gaming,,,,,https://linktr.ee/omfgaming,,theBACKYARDSMASH,,,,Active,2024.0118,2024.0118
The Shop Showdowns,USA,California,SoCal,The shop DTP,"266 W 2nd St, Pomona, CA 91766",Weekly,Friday,Tournament,SSBU,SF6,MK1,Tekken,,,,,,,dtpomona,,THESHOPx3bitGames,,theshopx3bitgames ,,,,,,"Frequency is actually 3 times per month, check the links",Active,2024.0118,2024.0118
Tip the Scales,USA,California,SoCal,Zander's Gamehouse,"2270 Ventura Blvd, Camarillo, CA 93010",Weekly,Thursday,Tournament,SSBU,,,,,,,,,,DreamCGaming,,,,,Start.gg/TTS,,DreamCatcherGaming,,,,Active,2024.0118,2024.0118
Buttons on Wake-Up Monthly,USA,Colorado,Colorado Springs,Soft Landing Arcade,"6324 S U.S. Hwy 85 87, Fountain, CO 80817",Monthly,Saturday,Tournament,Tekken,SF6,GGST,GBVSR,Anime Etc,,,,,,Buttonsonwakeup,,,,,start.gg/bowumonthly,buttonsonwakeup@gmail.com,bowufgc,,Buttons On Wake-Up,,Active,2024.0118,2024.1212
Buttons on Wake-Up Weekly,USA,Colorado,Colorado Springs,Soft Landing Arcade,"6324 S U.S. Hwy 85 87, Fountain, CO 80817",Weekly,Wednesday,Tournament,Tekken,SF6,GGST,GBVSR,Anime Etc,,,,,,Buttonsonwakeup,,,,,start.gg/bowumonthly,buttonsonwakeup@gmail.com,bowufgc,,Buttons On Wake-Up,,Active,2024.0118,2024.1212
Capcom Mondays,USA,Colorado,Denver,Akihabara Arcade,"8901 N Harlan St, Westminster, CO 80031",Weekly,Monday,Casuals,SF6,3S,UMvC3,CvS2,,,,,,,MileHighBurst,,Co FGC Server,,,,,akihabaraarcade,akihabaraarcade2,Akihabara Arcade FGC,,Active,2024.0224,2024.0224
Mile High Burst,USA,Colorado,Denver,Akihabara Arcade,"8901 N Harlan St, Westminster, CO 80031",Every 2 Weeks,Sunday,Tournament,SF6,MK1,GGST,Various,,,,,,,MileHighBurst,,Co FGC Server,,,,,akihabaraarcade,akihabaraarcade2,Akihabara Arcade FGC,,Active,2024.0118,2024.0118
Tri-Calamity,USA,Colorado,Denver,Akihabara Arcade,"8901 N Harlan St, Westminster, CO 80031",Weekly,Wednesday,Tournament,UNI,MBTL,BBCF,Various,,,,,,,TriCalamity,,Co FGC Server,,,https://www.start.gg/hub/tri-calamity,Tri-Calamity@proton.me,akihabaraarcade,akihabaraarcade2,Melissa Meant It,,Active,2024.0118,2024.1212
Fire and Dice,USA,Connecticut,Bridgeport,Fire and Dice Games,"100 Hawley Ln, Trumbull, CT 06611",Weekly,Thursday,Casuals,SF6,Tekken,UMvC3,GGXrd,Various,,,,,,,,CT FGC,,,http://fireanddicegames.com,fireanddicegames@gmail.com,,,,Tournaments will happen for SF6 & T8 is there are enough people,Active,2024.0610,2024.0610
Anime Fighters Weekly,USA,Connecticut,Hartford,Gamer's Guild,"785 West Main Street, New Britain, CT 06053",Weekly,Monday,Tournament,GGST,GBVSR,DBFZ,Various,,,,,,,ct_GamersGuild,,Gamer's Guild CT,CT Gamer's Guild,,https://ctgamersguild.com/ https://linktr.ee/GamersGuild,stevenl235@yahoo.com,gamersguildct,,Gamer's Guild CT,,Active,2024.0118,2024.0118
FGC Weekly,USA,Connecticut,Hartford,Gamer's Guild,"785 West Main Street, New Britain, CT 06053",Weekly,Wednesday,Tournament,SF6,Tekken,MK1,,,,,,,,ct_GamersGuild,,Gamer's Guild CT,CT Gamer's Guild,,https://ctgamersguild.com/ https://linktr.ee/GamersGuild,stevenl235@yahoo.com,gamersguildct,,Gamer's Guild CT,Games list rotates,Active,2024.0118,2024.0118
Smash Weekly,USA,Connecticut,Hartford,Gamer's Guild,"785 West Main Street, New Britain, CT 06053",Weekly,Tuesday,Tournament,SSBU,,,,,,,,,,ct_GamersGuild,,Gamer's Guild CT,CT Gamer's Guild,,https://ctgamersguild.com/ https://linktr.ee/GamersGuild,stevenl235@yahoo.com,gamersguildct,,Gamer's Guild CT,,Active,2024.0118,2024.0118
Hall of Gaming Anime,USA,Connecticut,New Haven,Hall of Gaming,"150 Center Street, Wallingford, CT",Weekly,Friday,Tournament,GGST,MBTL,,,,,,,,,HoG_CT,,Hall of Gaming,HoG,,https://hog.gg/,hallofgamingct@gmail.com,HoG_CT,,HoG CT,Calendar here,Active,2024.0118,2024.0118
Hall of Gaming FGC,USA,Connecticut,New Haven,Hall of Gaming,"150 Center Street, Wallingford, CT",Weekly,Tuesday,Tournament,SF6,MK1,Tekken,,,,,,,,HoG_CT,,Hall of Gaming,HoG,,https://hog.gg/,hallofgamingct@gmail.com,HoG_CT,,HoG CT,Calendar here,Active,2024.0118,2024.0118
Hall of Gaming Platform,USA,Connecticut,New Haven,Hall of Gaming,"150 Center Street, Wallingford, CT",Weekly,Wednesday,Tournament,P+,Rivals,,,,,,,,,HoG_CT,,Hall of Gaming,HoG,,https://hog.gg/,hallofgamingct@gmail.com,HoG_CT,,HoG CT,Calendar here,Active,2024.0118,2024.0118
Hall of Gaming SSBM,USA,Connecticut,New Haven,Hall of Gaming,"150 Center Street, Wallingford, CT",Weekly,Thursday,Tournament,SSBM,,,,,,,,,,HoG_CT,,Hall of Gaming,HoG,,https://hog.gg/,hallofgamingct@gmail.com,HoG_CT,,HoG CT,Calendar here,Active,2024.0118,2024.0118
Hall of Gaming SSBU,USA,Connecticut,New Haven,Hall of Gaming,"150 Center Street, Wallingford, CT",Weekly,Monday,Tournament,SSBU,,,,,,,,,,HoG_CT,,Hall of Gaming,HoG,,https://hog.gg/,hallofgamingct@gmail.com,HoG_CT,,HoG CT,Calendar here,Active,2024.0118,2024.0118
ESG Fight Night FGC,USA,Connecticut,Waterford,East Side Games,"850 Hartford Turnpike, Waterford, CT 06385",Weekly,Monday,Tournament,GBVSR,GGST,SF6,Tekken,Various,,,,,,eastsidegamesct,,East Side Games,East Side Games CT,,http://start.gg/esg_fg  http://start.gg/esg,eastsidegamesct@gmail.com,ESG_Live_Streams,,East Side Games CT,,Active,2024.0118,2024.0118
ESG Fight Night SSBM,USA,Connecticut,Waterford,East Side Games,"850 Hartford Turnpike, Waterford, CT 06385",Weekly,Sunday,Tournament,SSBM,,,,,,,,,,eastsidegamesct,,East Side Games,East Side Games CT,,http://start.gg/esg_fg  http://start.gg/esg,eastsidegamesct@gmail.com,ESG_Live_Streams,,East Side Games CT,,Active,2024.0118,2024.0118
ESG Fight Night SSBU,USA,Connecticut,Waterford,East Side Games,"850 Hartford Turnpike, Waterford, CT 06385",Weekly,Thursday,Tournament,SSBU,,,,,,,,,,eastsidegamesct,,East Side Games,East Side Games CT,,http://start.gg/esg_fg  http://start.gg/esg,eastsidegamesct@gmail.com,ESG_Live_Streams,,East Side Games CT,,Active,2024.0118,2024.0118
ESG Monthly FGC,USA,Connecticut,Waterford,East Side Games,"850 Hartford Turnpike, Waterford, CT 06385",Monthly,Saturday,Tournament,MK1,GGST,SF6,Tekken,,,,,,,eastsidegamesct,,East Side Games,East Side Games CT,,http://start.gg/esg_fgc_monthly  http://start.gg/esg_ssb_monthly,eastsidegamesct@gmail.com,ESG_Live_Streams,,East Side Games CT,4th Saturday,Active,2024.0118,2024.0118
ESG Monthly Smash,USA,Connecticut,Waterford,East Side Games,"850 Hartford Turnpike, Waterford, CT 06385",Monthly,Saturday,Tournament,SSBU,SSBM,,,,,,,,,eastsidegamesct,,East Side Games,East Side Games CT,,http://start.gg/esg_fgc_monthly  http://start.gg/esg_ssb_monthly,eastsidegamesct@gmail.com,ESG_Live_Streams,,East Side Games CT,3rd Saturday,Active,2024.0118,2024.0118
Defend the District,USA,DC,DMV,GW Cloyd Marvin Heck Center,"800 21st St NW, Washington, DC 20052",Monthly,Saturday,Tournament,SSBM,SSBU,,,,,,,,,GWUEsports,,GWU Esports,GWU Esports,GWU Esports,https://linktr.ee/gwuesports,,GWUEsports,,,,Active,2024.0118,2024.0118
Southwest Florida FGC,USA,Florida,Fort Myers,Retro Zone Arcade,"3577 Fowler St, Fort Myers, FL 33901",Weekly,Thursday,Tournament,Tekken,BBCF,Various,,,,,,,,SWFLFGC,,Southwest Florida FGC,,swflfgc,start.gg/swflfgc ; https://linktr.ee/swfl_fgc,,SWFLFGC,,SWFL FGC,,Active,2024.0118,2024.0118
Run The Clock,USA,Florida,Gainesville,Germain's,"220 NW 8th Ave, Gainesville, FL 32601",Weekly,Sunday,Tournament,SF6,GGST,DBFZ,,,,,,,,rtckingnothing,,Gainesville FGC,its_luxxy (twitter also),,,,,,Gainesville Tournaments,,Active,2024.0220,2024.0220
Frame Kill Fridays,USA,Florida,Jacksonville,Obscura Competitive Gaming Cafe,"915 King St, Jacksonville, FL",Weekly,Friday,Tournament,SF6,MK1,UMvC3,GGST,Tekken,DOA,,,,,R4R3side,,R4R3side Community,Obscura Competitive Gaming Cafe,,https://www.start.gg/hub/rareside,,R4R3side,,,,Active,2024.0118,2024.0118
Osprey Campus Clash,USA,Florida,Jacksonville,University of North Florida,"8 UNF Dr. #2008, Jacksonville, FL 32224, USA",Weekly,Saturday,Tournament,GGST,SF6,GBVSR,Various,,,,,,,itsyoast,Yoast,UNF Esports  Greater Jax FGC,,,www.start.gg/unf,jacob.yoast@gmail.com,itsyoast,tentaaaa_,,,Active,2024.1213,2025.0102
Rec Room's Tuesday Night Fights,USA,Florida,Lakeland,Rec Room LKLD,"202 N Massachusetts Ave, Lakeland, FL 33801",Weekly,Tuesday,Tournament,SF6,Tekken,GGST,,,,,,,,,,Rec Room LKLD eSports,,,https://www.recroomlkld.com/,,,,,,Active,2025.0324,2025.0324
3-2-1 Fight!,USA,Florida,Melbourne,Bakudan Asian Street Fare,"1270 N Wickham Rd #1, Melbourne, FL 32935, USA",Every 2 Weeks,Saturday,Tournament,SF6,GGST,Tekken,,,,,,,,321FGC,,321 FGC,321FGC,,start.gg/321fight,,,,,,Active,2024.0402,2024.0402
3-2-1 Jam Sessions,USA,Florida,Melbourne,Bakudan Asian Street Fare,"1270 N Wickham Rd #1, Melbourne, FL 32935, USA",Monthly,Varies,Casuals,Various,,,,,,,,,,321FGC,,321 FGC,321FGC,,,,,,,,Active,2024.0402,2024.0402
Flynns Gaming,USA,Florida,Miami,Flynn's Arcade,"5869 Margate Blvd, Margate, FL 33063",Weekly,Friday,Tournament,SF6,MK1,GGST,,,,,,,,Flynnsgamingfl,,,Flynn's Gaming,,https://linktr.ee/flynnsgamingfl,,flynnsgamingfl,,Flynn's Arcade FGC,,Active,2024.0118,2024.0118
Newsflash FGC Weekly,USA,Florida,Miami,Guildhall anime Gaming Lounge,"1447 Lyons Rd, Coconut Creek, FL 33063, USA",Weekly,Wednesday,Tournament,SF6,Rivals,GBVSR,Tekken,Various,,,,,,GuildhallGG,,Guildhall,,,https://beacons.ai/guildhall start.gg/newsflash,,EvenMatchupGaming,EvenMatchupGaming2,EMG VODs,,Active,2024.0118,2024.0118
Newsflash SSBM Weekly,USA,Florida,Miami,Guildhall anime Gaming Lounge,"1447 Lyons Rd, Coconut Creek, FL 33063, USA",Weekly,Friday,Tournament,SSBM,,,,,,,,,,GuildhallGG,,Guildhall,,,https://beacons.ai/guildhall start.gg/newsflash,,EvenMatchupGaming,EvenMatchupGaming2,EMG VODs,,Active,2024.0118,2024.0118
Newsflash SSBU Weekly,USA,Florida,Miami,Guildhall anime Gaming Lounge,"1447 Lyons Rd, Coconut Creek, FL 33063, USA",Weekly,Thursday,Tournament,SSBU,,,,,,,,,,GuildhallGG,,Guildhall,,,https://beacons.ai/guildhall start.gg/newsflash,,EvenMatchupGaming,EvenMatchupGaming2,EMG VODs,,Active,2024.0118,2024.0118
Press Start: Game!,USA,Florida,Miami,Guildhall anime Gaming Lounge,"1447 Lyons Rd, Coconut Creek, FL 33063, USA",Weekly,Wednesday,Tournament,Various,,,,,,,,,,GuildhallGG,,Guildhall,,,https://beacons.ai/guildhall start.gg/newsflash,,EvenMatchupGaming,EvenMatchupGaming2,EMG VODs,"source just says ""2D/3D fighters and platform fighters""",Active,2024.0714,2024.0714
Fight Knight FGC Weekly,USA,Florida,Miami,ROK Esports Center,"15305 S Dixie Hwy, Miami, FL 33157",Weekly,Wednesday,Tournament,SF6,MK1,GGST,Tekken,SSBU,UMvC3,NASB2,GBVSR,KOFXV,Various,ROKesports SouthFloridaFGC,,ROK Gaming,,,https://www.flowcode.com/page/rokesports,info@rokesports.com,,,,Calendar here,Active,2024.0118,2024.0118
Fight Knight SSBM Weekly,USA,Florida,Miami,ROK Esports Center,"15305 S Dixie Hwy, Miami, FL 33157",Weekly,Thursday,Tournament,SSBM,,,,,,,,,,ROKesports SouthFloridaFGC,,ROK Gaming,,,https://www.flowcode.com/page/rokesports,info@rokesports.com,,,,Calendar here,Active,2024.0118,2024.0118
Fight Knight SSBU Weekly,USA,Florida,Miami,ROK Esports Center,"15305 S Dixie Hwy, Miami, FL 33157",Weekly,Friday,Tournament,SSBU,,,,,,,,,,ROKesports SouthFloridaFGC,,ROK Gaming,,,https://www.flowcode.com/page/rokesports,info@rokesports.com,,,,Calendar here,Active,2024.0118,2024.0118
ROK Dojo,USA,Florida,Miami,ROK Esports Center,"15305 S Dixie Hwy, Miami, FL 33157",Monthly,Saturday,Tournament,GGST,SF6,MK1,Tekken,GBVSR,KOFXV,DBFZ,Various,,,ROKesports SouthFloridaFGC,,ROK Gaming,South Florida FGC,,https://www.flowcode.com/page/rokesports,info@rokesports.com,,,,,Active,2024.0118,2024.0118
Heart Container Cafe,USA,Florida,Miami,Tenth Level Tavern,"1242 NE 38th St, Oakland Park, FL 33334",Every 2 Weeks,Sunday,Tournament,Tekken,,,,,,,,,,heart_con_cafe,,The Heart Container Cafe Server!,,,https://linktr.ee/theheartcontainercafe,,,,The Heart Container Cafe,,Active,2024.0118,2024.0118
Clash at Coliseum,USA,Florida,Orlando,Coliseum of Comics Kissimmee,"2511 Old Vineland Rd, Kissimmee, FL 34746, USA",Weekly,Tuesday,Tournament,GGST,Tekken,MK1,,,,,,,,KingKaiFL,,,,,,,,,,,Active,2024.0118,2024.0118
Juicy Monthly,USA,Florida,Orlando,Four Points by Sheraton,"5905 International Dr, Orlando, FL 32819",Monthly,Saturday,Tournament,SF6,MK1,GBVSR,UNI,Tekken,GGST,SSBM,SSBU,Various,,JuicyGameNight,,JuicyGameNight,Juicy Game Night,,https://linktr.ee/juicygamenight,juicygamenight@gmail.com,JuicyGameNight,,Juicy Game Night,,Active,2024.0118,2024.0118
Retro Revival,USA,Florida,Orlando,Layton Sports Cards,"130 E Altamonte Dr #1100 Altamonte Springs, FL 32701",Weekly,Tuesday,Tournament,SSF2T,VSav,CvS2,SF6,GGST,KOFXV,Various,,,,RetroRevivalFGC,,Retro Revival,RetroRevivalFGC,,https://linktr.ee/Retrorevivalfgc,,RetroRevivalFGC,,,,Active,2024.0118,2024.0118
Downtown Throwdown,USA,Florida,Pensacola,O'Riley's Irish Pub Downtown,"321 S Palafox St, Pensacola, FL 32502",Weekly,Monday,Tournament,SSBU,HDR,Tekken,SF6,GBVSR,GGXrd,UNI,UMvC3,Various,,,,Pensacola Smash Bros,Pensacola Smash Bros,,,,Khanmando,KhanmandoFGC,,,Active,2024.0621,2024.0621
Gamers on the Edge,USA,Florida,Tampa,Gamers On the Edge,"38577 US Hwy 19 N, Palm Harbor, FL 34684",Weekly,Saturday,Tournament,GBVSR,MK1,Tekken,MBTL,SF6,Various,,,,,GamersOnTheEdge,,,,,https://start.gg/fgcnight,Angel@GoTEesports.com,,,,,Active,2024.0118,2024.0118
Tampa Gaming Dojo,USA,Florida,Tampa,Lowry Parcade,"1213 W Waters Ave, Tampa, FL, 33604",Every 2 Weeks,Sunday,Tournament,SF6,MK1,GGST,DBFZ,GBVSR,Tekken,Retro,,,,BobCustomGamer,,Tampa Gaming Dojo,,,start.gg/gamingdojo,,TampaGamingDojo,,,,Active,2024.0118,2024.0118
HDGG Bi-Weekly,USA,Florida,Tampa,M&M Video Games Tampa,"1548 E Fowler Ave, Tampa, FL 33612",Every 2 Weeks,Saturday,Tournament,SF6,SSBU,MK1,Tekken,,,,,,,HDGamingGroup,,HDGG,,,,HDGamingGroupLLC@gmail.com,hdgaminggroup,,,,Active,2024.0118,2024.0118
Fighting Game Club at USF,USA,Florida,Tampa,Mashall Student Center,USF Tampa Campus,Weekly,Thursday,Tournament,SF6,Various,,,,,,,,,FGClubAtUSF,,USF Esports,,FGClubAtUSF,https://linktr.ee/fgclubatusf,,FGClubAtUSF,,FGClubAtUSF,Other games are decided by poll,Active,2024.0118,2024.0118
Neon Dreams Bi-Weekly 1,USA,Florida,Tampa,Neon Dreams Arcade,"11100 66th St N Largo,FL 33773",Every 2 Weeks,Thursday,Tournament,SF6,,,,,,,,,,neondreamscafe,,Neon Dreams,,,https://www.start.gg/hub/neon-dreams-arcade,,,,,Calendar here,Active,2024.0118,2024.0118
Neon Dreams Bi-Weekly 2,USA,Florida,Tampa,Neon Dreams Arcade,"11100 66th St N Largo,FL 33773",Every 2 Weeks,Thursday,Tournament,GGST,,,,,,,,,,neondreamscafe,,Neon Dreams,,,https://www.start.gg/hub/neon-dreams-arcade,,,,,Calendar here,Active,2024.0118,2024.0118
Neon Dreams Monthly 1,USA,Florida,Tampa,Neon Dreams Arcade,"11100 66th St N Largo,FL 33773",Monthly,Saturday,Tournament,GBVSR,,,,,,,,,,neondreamscafe,,Neon Dreams,,,https://www.start.gg/hub/neon-dreams-arcade,,,,,Calendar here,Active,2024.0118,2024.0118
Neon Dreams Monthly 2,USA,Florida,Tampa,Neon Dreams Arcade,"11100 66th St N Largo,FL 33773",Monthly,Saturday,Tournament,SC2,,,,,,,,,,neondreamscafe,,Neon Dreams,,,https://www.start.gg/hub/neon-dreams-arcade,,,,,Calendar here,Active,2024.0118,2024.0118
Neon Dreams Monthly 3,USA,Florida,Tampa,Neon Dreams Arcade,"11100 66th St N Largo,FL 33773",Monthly,Saturday,Tournament,Tekken,,,,,,,,,,neondreamscafe,,Neon Dreams,,,https://www.start.gg/hub/neon-dreams-arcade,,,,,Calendar here,Active,2024.0118,2024.0118
Prodigy Games FGC,USA,Florida,West Palm Beach,Prodigy Games," 6222 S congress ave unit E2, Lake worth, FL, 33462",Weekly,Thursday,Tournament,SF6,GGST,Tekken,,,,,,,,DKBattleLounge,,DK's Battle Lounge,,dkbattlelounge,https://linktr.ee/dkbattlelounge,,DKBattleLounge,,DK's Battle Lounge,,Active,2024.1212,2024.1212
Prodigy Games Smash Melee,USA,Florida,West Palm Beach,Prodigy Games," 6222 S congress ave unit E2, Lake worth, FL, 33462",Weekly,Tuesday,Tournament,SSBM,,,,,,,,,,DKBattleLounge,,DK's Battle Lounge,,dkbattlelounge,https://linktr.ee/dkbattlelounge,,DKBattleLounge,,DK's Battle Lounge,,Active,2024.1212,2024.1212
Prodigy Games Smash Ultimate,USA,Florida,West Palm Beach,Prodigy Games," 6222 S congress ave unit E2, Lake worth, FL, 33462",Weekly,Friday,Tournament,SSBU,,,,,,,,,,DKBattleLounge,,DK's Battle Lounge,,dkbattlelounge,https://linktr.ee/dkbattlelounge,,DKBattleLounge,,DK's Battle Lounge,,Active,2024.1212,2024.1212
4o4 Esports SSBU Monthly,USA,Georgia,Atlanta,4o4 Esports,"6035 Peachtree Rd Suite C-220, Atlanta, GA 30360",Monthly,Saturday,Tournament,SSBU,,,,,,,,,,4o4esports,,4o4 Esports,,,4o4esports.com,,4o4esports,,,Calendar here,Active,2024.0118,2024.0118
4o4 Esports SSBU Weekly,USA,Georgia,Atlanta,4o4 Esports,"6035 Peachtree Rd Suite C-220, Atlanta, GA 30360",Weekly,Sunday,Tournament,SSBU,NASB2,,,,,,,,,4o4esports,,4o4 Esports,,,4o4esports.com,,4o4esports,,,Calendar here,Active,2024.0118,2024.0118
4o4 Esports Weeklies,USA,Georgia,Atlanta,4o4 Esports,"6035 Peachtree Rd Suite C-220, Atlanta, GA 30360",Weekly,Wednesday,Tournament,SF6,GGST,GBVSR,UNI,MBTL,DBFZ,GGXrd,,,,4o4esports,,4o4 Esports,,,4o4esports.com,,4o4esports,,,Calendar here,Active,2024.0118,2024.0118
 +2 On Block,USA,Georgia,Atlanta,Charlie's Collectible Show,"6009 Memorial Dr Unit 14, Stone Mountain, GA 30083",Monthly,Saturday,Tournament,SF6,KOFXV,3S,SamSho,GGST,MK1,Tekken,UNI,UMvc3,,data_fgc,,,DATA FGC,,https://linktr.ee/datafgc start.gg/2OB,info@datafgc.com,Plus2onBlock,,DATA FGC,,Active,2024.0118,2024.0118
CSRA FGC,USA,Georgia,Augusta,,"North Augusta, Georgia",Unknown,Unknown,Unknown,SSBU,GGST,SF6,GBVSR,,,,,,,csra_fgc  akane_thorn,,CSRA FGC,,,,,,,,Source here,Active,2024.0211,2024.0211
Zone Breakers,USA,Georgia,Fayetteville,IHOP Fayetteville,"705 N Jeff Davis Dr, Fayetteville, GA 30214",Monthly,Wednesday,Tournament,GGST,GBVSR,UNI,SF6,Tekken,SSBU,,,,,ZoneBreakers,,ZoneBreakers,ZoneBreakers Esports,,,,ZoneBreakersTV,,ZoneBreakers,,Active,2024.0118,2024.0118
Reboot Monthly,USA,Georgia,Macon,Reboot Macon,"566 Cherry St, Macon, GA 31201",Monthly,Saturday,Tournament,SSBU,SF6,MK1,Tekken,GGST,Various,,,,,reboot_gaming,,Middle GA FGC,Reboot Retrocade Gaming,,,honestguy8@yahoo.com,RebootRetrocadeGaming,,Reboot Retrocade Gaming,,Active,2024.0118,2024.0118
Reboot Weekly,USA,Georgia,Macon,Reboot Macon,"566 Cherry St, Macon, GA 31201",Weekly,Thursday,Casuals,SSBU,SF6,MK1,Tekken,GGST,Various,,,,,reboot_gaming,,Middle GA FGC,Reboot Retrocade Gaming,,,honestguy8@yahoo.com,RebootRetrocadeGaming,,,,Active,2024.0118,2024.0118
Big Island Battle Rave,USA,Hawaii,Hawaii,Cronies Bar & Grill,"11 Waianuenue Ave, Hilo, HI 96720",Every 2 Weeks,Sunday,Tournament,SF6,Tekken,,,,,,,,,FgcHawaii,,,,,,,,,,,Active,2024.0118,2024.0118
Street Fighter Tournament,USA,Hawaii,Oahu,Oyosami Bar & Grill,"1820 Algaroba St, Honolulu, HI 96826",Weekly,Thursday,Tournament,SF6,GBVSR,UNI,,,,,,,,RayBladeX,,808 Hawaii FGC,,,,,VGHstreaming,,,Games rotate each week,Active,2024.0118,2024.0118
Boise Tea Party,USA,Idaho,Boise,ABU Games,"7211 W Colonial St, Boise, ID 83709",Monthly,Tuesday,Tournament,SF6,MK1,UNI,Various,,,,,,,BoiseFgc,,Boise Idaho FGC,,,https://linktr.ee/boisefgc,,,,,Last Tuesday,Active,2024.0118,2024.0118
SpudSportKumite,USA,Idaho,Boise,Realms Arcade,"109 S 23rd St Suite A, Boise, ID 83702",Monthly,Saturday,Tournament,Tekken,UNI,Various,,,,,,,,SpudSport,,Boise Idaho FGC,Spudsport,,https://linktr.ee/boisefgc,,raijinnski,,,Last Saturday,Active,2024.0118,2024.0118
Forgotten Breaks,USA,Idaho,Boise,Tekken House,"Boise, Idaho",Monthly,Saturday,Tournament,SF6,MK1,UNI,Various,,,,,,,BoiseFgc,,Boise Idaho FGC,Spudsport,,https://linktr.ee/boisefgc,,raijinnski,,,Contact for address; 2nd or 3rd Saturday,Active,2024.0118,2024.0118
Tripoint Smash ft FGC,USA,Illinois,Chicago,Creative Arts Center,"174 S Highpoint Dr, Romeoville, IL 60446",Weekly,Friday,Tournament,SSBU,SSBM,P+,Rivals,NASB2,SF6,UNI,GBVSR,BBCF,Various,UGSGamingLLC,,UGS Gaming,,,http://start.gg/tps,,UGSGaming,UGSGaming2,UGS Gaming,,Active,2024.0118,2024.0118
FGC Meetups,USA,Illinois,Chicago,Ignite Skokie,"8125 Skokie Blvd, Skokie, IL 60077",Every 2 Weeks,Friday,Tournament,SF6,GBVSR,GGST,Tekken,MK1,KOFXV,,,,,LowKickEsports,,Low Kick Esports,,,fgcmeetups.com ,lowkicktournaments@gmail.com,Low Kick Esports,,Low Kick Esports,,Active,2024.0118,2024.0118
Logan Arcade,USA,Illinois,Chicago,Logan Arcade,"2410 W Fullerton Ave, Chicago, IL 60647",Monthly,Sunday,Tournament,3S,,,,,,,,,,,,,,,,,LoganArcade,,,"3rd Sunday, 4pm",Active,2024.0118,2024.0118
Logan Arcade Meetups,USA,Illinois,Chicago,Logan Arcade,"2410 W Fullerton Ave, Chicago, IL 60647",Weekly,Friday,Casuals,3S,VSav,SSF2T,MvC2,,,,,,,,,,,,,,LoganArcade,,,,Active,2024.0118,2024.0118
Chicago Punish,USA,Illinois,Chicago,Midlane Esports,"2741 N Milwaukee Ave, Chicago, IL 60647",Weekly,Tuesday,Tournament,SSF2T,MvC2,VSav,Retro,,,,,,,Xagrand_K,,,,,,,IPG_Esports,,,,Active,2024.0118,2024.0118
Chicago Punish,USA,Illinois,Chicago,Midlane Esports,"2741 N Milwaukee Ave, Chicago, IL 60647",Weekly,Sunday,Tournament,SF6,GGST,Various,,,,,,,,Xagrand_K,,,,,,,IPG_Esports,,,,Active,2024.0118,2024.0118
Scrim Center Battles FGC,USA,Illinois,Chicago,Scrims Esports Gaming Center,"2000 Ogden Ave, Lisle, IL 60532",Every 2 Weeks,Wednesday,Tournament,SF6,MK1,Various,,,,,,,,ScrimsCenter,,Scrims Center,,,https://www.scrimscenter.com/,info@scrimscenter.com,,,,Calendar here,Active,2024.0118,2024.0118
Scrim Center Battles SSBU,USA,Illinois,Chicago,Scrims Esports Gaming Center,"2000 Ogden Ave, Lisle, IL 60532",Every 2 Weeks,Monday,Tournament,SSBU,,,,,,,,,,ScrimsCenter,,Scrims Center,,,https://www.scrimscenter.com/,info@scrimscenter.com,,,,Calendar here,Active,2024.0118,2024.0118
Street Fighter Saturdays,USA,Illinois,Chicago,Yetee Station Arcade,"11 N Broadway, Aurora, IL 60505",Monthly,Saturday,Tournament,SSF2T,3S,,,,,,,,,ArcadeSpruce,,,,,IllinoisFGC.com,,TheYeteeDOTcom,,,"Last Saturday, 7pm",Active,2024.0118,2024.0118
Fargo Fight Night,USA,Illinois,DeKalb,Fargo Skateboarding,"641 E Lincoln Hwy, DeKalb, IL 60115, USA",Weekly,Tuesday,Tournament,Tekken,SSBU,GGXrd,SF6,,,,,,,NWILSmash,,Northwest IL FGC,,,https://linktr.ee/nwilsmash  start.gg/rockfordrumble,,nwilsmash,,NWILsmash,,Active,2024.0714,2024.0714
Rockford Rumble,USA,Illinois,Rockford,Nordlof Center,"118 N Main St, Rockford, IL 61101, USA",Weekly,Tuesday,Tournament,Tekken,GGST,SF6,SSBU,,,,,,,NWILSmash,,Northwest IL FGC,,,https://linktr.ee/nwilsmash  start.gg/rockfordrumble,,nwilsmash,,NWILsmash,,Active,2024.0714,2024.0714
Good For Health - Bad For Education,USA,Illinois,Urbana-Champaign,Araiguma: Advanced Battle Center,"Ste 28, 202 S. Broadway, Urbana IL, 61801",Weekly,Wednesday,Tournament,3S,,,,,,,,,,AraigumaBattle,,Kids In the Hall,Araiguma Battle,araigumabattle,https://araigumabattle.com/,,AraigumaBattle,,Araiguma,Contact for address,Active,2024.1212,2024.1213
Urbana-Champaign Kids in the Hall,USA,Illinois,Urbana-Champaign,Araiguma: Advanced Battle Center,"Ste 28, 202 S. Broadway, Urbana IL, 61801",Weekly,Saturday,Casuals,Retro,SF6,Tekken,GGXrd,SamSho,Various,,,,,AraigumaBattle,,Kids In the Hall,Araiguma Battle,araigumabattle,https://araigumabattle.com/,,AraigumaBattle,,Araiguma,Contact for address,Active,2024.0118,2024.1213
219 Smashdown,USA,Indiana,Chicago,Region Gaming Esports Center,"275 Joliet St #130, Dyer, IN 46311",Weekly,Wednesday,Tournament,SSBU,,,,,,,,,,219_throwdown,,Region Gaming Esports Center,219 Throwdown,219_throwdown,IllinoisFGC.com  https://start.gg/219_smashdown,,219_throwdown,,,,Active,2024.0118,2024.0118
219 Throwdown,USA,Indiana,Chicago,Region Gaming Esports Center,"275 Joliet St #130, Dyer, IN 46311",Every 2 Weeks,Thursday,Tournament,SF6,Tekken,Various,,,,,,,,219_throwdown,,Region Gaming Esports Center,219 Throwdown,219_throwdown,IllinoisFGC.com,,219_throwdown,,,,Active,2024.0118,2024.0118
Fight Club,USA,Indiana,Indianapolis,Boss Battle Games,"6020 E 82nd St, Indianapolis, IN 46250",Monthly,Saturday,Tournament,SF6,Tekken,GGST,Various,,,,,,,IndianaFGC,,Indiana Fighting Game Community,Indiana Fighting Game Community,,http://start.gg/salties  http://indianafgc.com/,,,,,,Active,2024.0215,2024.0215
Salty Sunday,USA,Indiana,Indianapolis,Boss Battle Games,"6020 E 82nd St, Indianapolis, IN 46250",Weekly,Sunday,Tournament,SSBU,,,,,,,,,,IndianaFGC,,Indiana Fighting Game Community,Indiana Fighting Game Community,,http://start.gg/salties  http://indianafgc.com/,,,,,,Active,2024.0215,2024.0215
Des Moines Training Ground,USA,Iowa,Des Moines,Des Moines Gaming Club,"2323 Grand Ave STE 400, Des Moines, IA 50312",Weekly,Wednesday,Tournament,SF6,Tekken,GGST,MK1,Mystery,Various,,,,,PhillyBFG,,Iowa FGC,,,start.gg/DMTG515,,dmtg515,,,,Active,2024.0118,2024.0118
Games King,USA,Iowa,Sioux City,Games King,"823 Gordon Drive, Sioux City, IA 51101",Weekly,Sunday,Tournament,GGST,Idol,SF6,UNI,GBVSR,Tekken,3S,DOA,BBCF,Various,mu_frankie,,Iowa FGC South Dakota FGC Nebraska FGC,,,,,,,,,Active,2025.0424,2025.0428
Top City Fight Night,USA,Kansas,Topeka,Gatekeeper Hobbies,"1917 SW Gage Blvd, Topeka, KS 66604",Monthly,Saturday,Casuals,SF6,GGST,Tekken,GBVSR,KOFXV,UNI,MK1,BBCF,MBTL,Various,,,Topeka FGC,Topeka SRK,,,,,,,Last Saturday of the month,Active,2024.0204,2024.0204
Crossover ICT,USA,Kansas,Wichita,Shocker Sports Grill & Lanes,"1845 N, Fairmount St #56, Wichita, KS 67260",Weekly,Saturday,Tournament,SSBM,SF6,Tekken,KOFXV,GGXrd,GBVSR,,,,,Wichita_FGC,,Wichita FGC,Wichita FGC,,https://start.gg/crossoverict https://linktr.ee/wichitafgc,,Wichita_FGC,,Wichita FGC,,Active,2024.0118,2024.0118
Fight Night at Velocity,USA,Kentucky,Cincinnati,Velocity Esports Newport,"Riverwalk Level inside the Gallery, 1 Levee Wy Suite #2130, Newport, KY 41071",Weekly,Tuesday,Tournament,SSBU,SF6,,,,,,,,,VESportsInc,,velocityesportsinc,Velocity Esports Newport,velocityesportsinc,https://velocityesports.com/velocity-next-tournaments/,,,,,,Active,2024.0118,2024.0118
MashStick,USA,Kentucky,Lexington,Matchstick Games,"874 Indian Mound Dr, Mt Sterling, KY 40353, USA",Monthly,Sunday,Tournament,NASB2,SF6,SSBU,GGST,Tekken,,,,,,TeamMashOut,,,,,,Stratusfall@hotmail.com,qcs606,,Raiser606,,Active,2024.0118,2024.0118
BSG Fighters,USA,Kentucky,Louisville,Card N All Gaming,"5534 New Cut Rd, Louisville, KY 40214",Monthly,Saturday,Tournament,Tekken,SF6,MK1,GGST,UNI,DBFZ,,,,,Official_BSG,,,,,https://www.bourbonstategaming.com/,Jdtyle0@gmail.com,BourbonStateGaming,,,,Active,2024.0118,2024.0118
F*ck Around 'N Flash Kick,USA,Kentucky,Louisville,Hideaway Saloon,"1607 Bardstown Rd, Louisville, KY 40205",Every 2 Weeks,Friday,Tournament,SF6,Various,,,,,,,,,,,,Hideaway Saloon,,,danjude4@gmail.com,,,,source,Active,2024.0118,2024.0118
Esports Lounge,USA,Kentucky,Louisville,The Esports Lounge at Cornerstone,"401 S Limestone, Lexington, KY",Unknown,Unknown,Unknown,GBVSR,NASB2,SF6,GGST,,,,,,,raiser606,,Raiser,,,,raiser@qcs.gg,qcs606,,Raiser606,,Active,2024.0118,2024.0118
Late Night Special Moves,USA,Louisiana,Baton Rouge,Little Wars,"7543 Jefferson Hwy STE B, Baton Rouge, LA 70806",Weekly,Monday,Tournament,SF6,MK1,GGST,Tekken,,,,,,,LAFGCTV,,Louisiana FGC,LouisianaFGC,,,RyckSoto27@gmail.com,LAFGCTV,,LAFGC TV,,Active,2024.0118,2024.0118
Monthly Godlike,USA,Louisiana,Baton Rouge,Little Wars,"7543 Jefferson Hwy STE B, Baton Rouge, LA 70806",Monthly,Saturday,Tournament,SF6,MK1,GGST,Tekken,,,,,,,LAFGCTV,,Louisiana FGC,LouisianaFGC,,,RyckSoto27@gmail.com,LAFGCTV,,LAFGC TV,3rd Saturday,Active,2024.0118,2024.0118
Ryu in the Bayou,USA,Louisiana,New Orleans,Sea Cave Arcade,"3000 St Claude Ave, New Orleans, LA 70117",Weekly,Sunday,Tournament,Unknown,,,,,,,,,,,,,Sea Cave Arcade,Sea.Cave,https://www.seacavenola.com/contact,seacavenola@gmail.com,,,,,Active,2024.0118,2024.0118
Aesthetic Fridays,USA,Maryland,Baltimore,MAP Technologies/ Marsapalooza Arcade,"322 West Baltimore Street, Baltimore, MD 21202",Weekly,Friday,Tournament,Tekken,SSBU,SSBM,SF6,MvC2,Retro,DBFZ,CvS2,Various,Mystery,,,Marsapalooza Arcade,Marsapalooza Arcade,marsapalooza_arcade,https://www.marsapalooza.com,marsapalooza@gmail.com,Marsapalooza_Arcade,MAPGameTech,Mars_TV,"all-ages venue, BYOB friendly",Active,2025.0223,2025.0314
Block String,USA,Maryland,Baltimore,Wonderfly Arena,"4811 Benson Ave, Arbutus, MD 21227",Weekly,Monday,Tournament,Tekken,SF6,Various,,,,,,,,WonderflyGaming,,Wonderfly Gaming,,wonderflygaming,https://linktr.ee/wfgaming  https://start.gg/bswf,gaming@wonderflyhq.com,WonderflyGaming,WonderflyGamingFGC,Wonderfly Gaming,,Active,2024.0204,2024.0204
Wonderfly Weekly,USA,Maryland,Baltimore,Wonderfly Arena,"4811 Benson Ave, Arbutus, MD 21227",Weekly,Wednesday,Tournament,SSBU,P+,Rivals,Tekken,SF6,Various,,,,,WonderflyGaming,,Wonderfly Gaming,,wonderflygaming,https://linktr.ee/wfgaming  https://start.gg/bswf,gaming@wonderflyhq.com,WonderflyGaming,WonderflyGamingFGC,Wonderfly Gaming,,Active,2024.0204,2024.0204
Mega Drive,USA,Maryland,Lexington Park,Abberly Crest Events Center,"46900 Abberly Crest Ln, Lexington Park, MD 20653",Weekly,Wednesday,Tournament,SSBU,SSBM,GGST,Various,,,,,,,Mariokartmoney,,,SoMD Smash Ultimate,,,somdsmashfgc@gmail.com,,,,,Active,2024.0118,2024.0118
GO ALL OUT!,USA,Massachusetts,Boston,All Systems Go Esports Facility,"225 Shrewsbury St, Worcester, MA 01604",Monthly,Thursday,Tournament,SF6,GGST,Tekken,GBVSR,Mystery,,,,,,allsystemsgoent,,Worcester FGC,,,https://www.allsystemsgoma.com/events,,,,,,Active,2024.0118,2024.0118
Boston Blue Beat Monthly,USA,Massachusetts,Boston,Balance Patch,"1031 Commonwealth Ave, Boston, MA 02215",Monthly,Saturday,Tournament,GBVSR,GGST,BBCF,MBTL,GGXrd,KOFXV,Various,,,,BostonBlueBeat,,Boston Blue Beat Online,,,https://linktr.ee/BostonBlueBeat,,BostonBlueBeat,,Boston Blue Beat,,Active,2024.0118,2024.0118
Friday Night Fights,USA,Massachusetts,Boston,Balance Patch,"1031 Commonwealth Ave, Boston, MA 02215",Weekly,Friday,Tournament,GGST,GBVSR,SF6,MK1,Tekken,BBCF,KOFXV,CvS2,Various,,TravelingCtrlr,,,,,,Travelingcontroller@gmail.com,TravelingController,,,,Active,2024.0118,2024.0118
Game Underground,USA,Massachusetts,Boston,Game Underground,"349 Moody St, Waltham, MA 02453",Weekly,Monday,Tournament,SF6,Tekken,GGST,KOFXV,GBVSR,,,,,,TravelingCtrlr,,,,,,Travelingcontroller@gmail.com,Game Underground,,,,Active,2024.0118,2024.0118
Block Party,USA,Massachusetts,East Hampton,Prodigy Game Room,"116 Pleasant St, Easthampton, MA 01027",Quarterly,Saturday,Tournament,GBVSR,SF6,GGST,Tekken,UNI,,,,,,WickedWestFGC,,,,,,,,,,3v3 crew battle,Active,2024.0118,2024.0118
Sunday Night Slugfest,USA,Massachusetts,East Hampton,Prodigy Game Room,"116 Pleasant St, Easthampton, MA 01027",Weekly,Sunday,Tournament,GBVSR,SF6,GGST,Tekken,UNI,,,,,,WickedWestFGC,,,,,,,,,,,Active,2024.0118,2024.0118
Button Club,USA,Massachusetts,Fairhaven,Omnisource Games,"875 State Rd #12 Westport, MA 02790 ",Weekly,Monday,Tournament,SF6,Tekken,GGST,Retro,,,,,,,ButtonClubFGC,,The Button Club,,,https://linktr.ee/buttonclubfgc,Buttonclubfgc@gmail.com,ButtonClubFGC,ButtonClub_FGC,ButtonClubFGC,Retro games rotate; starts at 6pm,Active,2024.0727,2024.0727
Mid-Cape Mixup,USA,Massachusetts,Hyannis,Vanguard Tabletop,"795 W Main St, Hyannis, MA, 02601",Monthly,Saturday,Tournament,SF6,GGST,,,,,,,,,ErebusFGC,,Vanguard Tabletop Gaming,,,,,,,,,Active,2024.0118,2024.0118
Mid-Cape Mixup,USA,Massachusetts,Hyannis,Vanguard Tabletop,"795 W Main St, Hyannis, MA, 02601",Weekly,Saturday,Casuals,SF6,GGST,GBVSR,KOFXV,,,,,,,ErebusFGC,,Vanguard Tabletop Gaming,,,,,,,,,Active,2024.0118,2024.0118
Rough House,USA,Massachusetts,Plainville,One Up Games,"2 Wilkins Dr, Plainville, MA 02762",Weekly,Tuesday,Tournament,SF6,GBVSR,Various,,,,,,,,TravelingCtrlr,,,,,,Travelingcontroller@gmail.com,,,,,Active,2024.0118,2024.0118
ComboCon Victory,USA,Michigan,Alma,Blockhouse eSports,"107 E Superior St, Alma, MI 48801",See Notes,Saturday,Tournament,SF6,MvC2,3S,USF4,Mystery,GBVSR,GGST,Tekken,,,ComboCon,,ComboCon VI,ComboCon,,Start.GG/ComboCon6,ComboCon1@gmail.com,MatchStickMelee,,HDmexsComboCon,Frequency varies,Active,2024.1212,2024.1224
Frame Advantage,USA,Michigan,Detroit,GateKeeper Games,"3961 Twelve Mile Rd, Berkley, MI 48072",Monthly,Saturday,Tournament,UNI,DBFZ,GGST,MK1,SF6,Tekken,,,,,NeutralGroundMI,,MICHIGAN FGC,,,start.gg/neutralground,neutralgroundmichigan@gmail.com,TheAlmightyLPZ,,,,Active,2024.0118,2024.0118
Neutral Ground Weekly,USA,Michigan,Detroit,GateKeeper Games,"3961 Twelve Mile Rd, Berkley, MI 48072",Weekly,Friday,Tournament,GGXrd,MK1,SF6,,,,,,,,NeutralGroundMI,,MICHIGAN FGC,,,start.gg/neutralground,neutralgroundmichigan@gmail.com,,,,,Active,2024.0118,2024.0118
Grand Rapids Weekly Casuals,USA,Michigan,Grand Rapids,WD Games,"3530 Division Ave S, Grand Rapids, MI 49548",Weekly,Saturday,Casuals,Various,,,,,,,,,,,,,,,MichiganFGC.com,,,,,,Active,2024.0118,2024.0118
Kalamazoo Hyper Drive Heat,USA,Michigan,Kalamazoo,Odyssey Games,"5029 W Main St, Kalamazoo, MI 49009",Monthly,Saturday,Tournament,MK1,UNI,DBFZ,GBVSR,GGST,SF6,KOF13,Mystery,Various,,,,KZOO FGC,Odyssey Games,,MichiganFGC.com,maclarmj@gmail.com,,,,,Active,2024.0118,2024.0118
Odyssey Games Weekly,USA,Michigan,Kalamazoo,Odyssey Games,"5029 W Main St, Kalamazoo, MI 49009",Weekly,Thursday,Tournament,SF6,GGST,Mystery,,,,,,,,,,KZOO FGC,Odyssey Games,,MichiganFGC.com,odysseygameskzoo@gmail.com,,,,,Active,2024.0118,2025.0316
Evolution Games FGC Casuals,USA,Michigan,Lansing,Evolution Games,"932 Elmwood Rd, Lansing, MI 48917",Weekly,Tuesday,Casuals,Various,,,,,,,,,,,,,,,MichiganFGC.com,,,,,,Active,2024.0118,2024.0118
MSU FGC Weekly Casuals,USA,Michigan,Lansing,"Game Labs, Library","366 W Circle Dr, East Lansing, MI 48824",Weekly,Monday,Casuals,Various,,,,,,,,,,,,Esports Club Association of MSU,,,MichiganFGC.com,,,,,,Active,2024.0118,2024.0118
UMD Smash Bros Club,USA,Minnesota,Duluth,,"Duluth, Minnesota",Weekly,Monday,Tournament,SSBU,,,,,,,,,,AnimuuStew,,Duluth Smash,,,,,,,,,Active,2024.0211,2024.0211
RunTheMix,USA,Minnesota,Minneapolis-St Paul,Gamezenter,"1975 County Road B2 W, Roseville, MN 55113",Weekly,Wednesday,Tournament,GBVSR,GGST,Tekken,SF6,MBTL,,,,,,RunTheMix,,,,,http://www.runthemix.org/,,,,,,Active,2024.0118,2025.0424
Stop Your Friendlies!,USA,Minnesota,Minneapolis-St Paul,Left Click Lounge,"321 14th Ave SE, Minneapolis, MN 55414",Weekly,Wednesday,Tournament,SSBU,,,,,,,,,,,,Left Click Lounge,,,https://leftclicklounge.com/,,,,,,Active,2024.0118,2024.0118
The Good Fight,USA,Minnesota,Minneapolis-St Paul,Left Click Lounge,"321 14th Ave SE, Minneapolis, MN 55414",Weekly,Saturday,Casuals,GGST,,,,,,,,,,,,Left Click Lounge,,,https://leftclicklounge.com/,,QuarterDemiGOD,shmeep_shmoop,,,Active,2024.0118,2024.0118
Corinth Gaming Center,USA,Mississippi,Corinth,Corinth Gaming Center,"196 US-72, Corinth, MS 38834",Weekly,Tuesday,Tournament,Unknown,,,,,,,,,,,,,,,,,,,,source,Active,2024.0118,2024.0118
Top in the Shop,USA,Missouri,Kansas City,Game Cafe,"107 W Lexington Ave, Independence, MO 64050-3748",Weekly,Thursday,Tournament,SF6,Various,,,,,,,,,kansascityfgc,,kcfgc,kfgc,,,,team_kc,,team_kc,Starts at 7pm CT,Active,2024.0118,2024.0118
Magic Pixel Runback,USA,Missouri,Kansas City,Larry's Game Store,"113 S Mur-Len Rd, Olathe, KS 66062",Every 2 Weeks,Saturday,Tournament,Skullgirls,SC6,UNI,Various,,,,,,,KCMagicPixel,,Magic Pixel,,,https://kcmagicpixel.com/,magic.pixel@kcmagicpixel.com,kcmagicpixel,,,,Active,2024.0118,2024.0118
Magic Pixel Weekly,USA,Missouri,Kansas City,Larry's Game Store,"113 S Mur-Len Rd, Olathe, KS 66062",Weekly,Tuesday,Tournament,GBVSR,TFH,SF6,MBTL,GGST,UNI,VSav,BBCF,Various,,KCMagicPixel,,Magic Pixel,,,https://kcmagicpixel.com/,magic.pixel@kcmagicpixel.com,kcmagicpixel,,,,Active,2024.0118,2024.0118
Localhost St Louis FGC,USA,Missouri,St Louis,Localhost St Louis,"8045 Watson Rd Webster Groves, MO 63119",Weekly,Thursday,Tournament,GGST,GGXrd,SF6,GBVSR,UNI,BBCF,MBTL,Tekken,Various,,stlfgc,,#Stl FGC,,,,fgcstlouis@gmail.com,,,,,Active,2024.0118,2024.0118
Localhost St Louis SSBU,USA,Missouri,St Louis,Localhost St Louis,"8045 Watson Rd Webster Groves, MO 63119",Weekly,Sunday,Tournament,SSBU,,,,,,,,,,stlfgc,,#Stl FGC,,,,fgcstlouis@gmail.com,,,,,Active,2024.0118,2024.0118
Mystic,USA,Missouri,St Louis,Mystic TCG,"2032 Chesterfield Mall, Chesterfield, MO 63017",Weekly,Friday,Tournament,Unknown,,,,,,,,,,stlfgc,,#Stl FGC,,,,fgcstlouis@gmail.com,,,,,Active,2024.0118,2024.0118
Dino Rush,USA,Missouri,St Louis,St Louis Science Center,"5050 Oakland Ave, St. Louis, MO 63110",Monthly,Saturday,Tournament,SF6,GBVSR,GGXrd,,,,,,,,stlfgc,,#Stl FGC,,,start.gg/dinorush,mimimeyerstrom@gmail.com,,,,,Active,2024.0118,2024.0118
FGC in Omaha NE,USA,Nebraska,Omaha,Gamers Oasis,"8715 Shamrock Rd, Omaha, NE 68114",Monthly,Unknown,Tournament,SF6,UNI,Tekken,GBVSR,GGST,GGXrd,GGXXACR,MBTL,MBAACC,Various,NebraskaFGC,,Nebraska FGC,Emil Omaha Empire,,,,yuu_leee,,Nebraska FGC,Currently on break,Active,2024.0118,2024.0118
Monsoon Mayhem,USA,Nevada,Las Vegas, +63Fifty,"3700 S Maryland Pkwy ste 525 H, +63FIFTY 2nd Floor, Las Vegas, NV 89169",Monthly,Friday,Tournament,Tekken,SF6,GBVSR,GGST,UNI,SSBU,,,,,StormRushGaming,,,,,,,,,,Source here,Active,2024.1213,2024.1213
Knockdown!,USA,Nevada,Las Vegas,HyperX Arena,3900 South Las Vegas Boulevard Las Vegas NV 89119,Weekly,Friday,Tournament,SF6,GBVSR,MK1,Tekken,GGST,MvC2,KOFXV,KI,SSBM,SSBU,HyperXArena,,Allied Esports,,,https://linkin.bio/hyperxarena,esportsadmin@alliedesports.com,AlliedEsports,,,,Active,2024.0118,2024.0118
Bragging Rights,USA,Nevada,Las Vegas,Peoples Card Shop,"5620 W Charleston Blvd #110, Las Vegas, NV 89146",Weekly,Thursday,Tournament,Tekken,GBVSR,SF6,UNI,GGST,UMvC3,,,,,,,,,,,,,,,Source here,Active,2024.1213,2024.1213
Red Note Rumble,USA,Nevada,Las Vegas,Red Note Rhythm Games,"1881 S Rainbow Blvd, Las Vegas, NV 89146",Weekly,Saturday,Casuals,Various,,,,,,,,,,RedNoteGaming,,,,,,,,,,Source here,Active,2024.1213,2024.1213
VES Fight Night,USA,Nevada,Las Vegas,Velocity Esports at Town Square,"6587 S Las Vegas Blvd #171, Las Vegas, NV 89119",Weekly,Tuesday,Tournament,Tekken,SF6,,,,,,,,,VESportsInc,,,,,,,,,,Source here,Active,2024.1213,2024.1213
Biggest Little Fight Club,USA,Nevada,Reno,Voodoo Bar,"550 W Plumb Ln ste e, Reno, NV 89509",Every 2 Weeks,Sunday,Tournament,GGST,GBVSR,SF6,,,,,,,,BigLittleFights,,Biggest Little Fight Club,,,,,,,,,Active,2024.0118,2024.0118
Wakeup Super Wednesday,USA,New Hampshire,Manchester,Double Midnight Comics,"252 South Willow St, Manchester, NH 03103",Weekly,Wednesday,Tournament,SF6,GBVSR,,,,,,,,,Xurkey,,,,,,,,,,,Active,2024.0118,2024.0118
Iron Grid,USA,New Jersey,Newark,NJIT GITC Building,"218 Central Ave, Newark, NJ 07103",Monthly,Saturday,Tournament,GGST,SF6,MK1,NASB2,Various,,,,,,irongridNJIT,,NJIT Esports,,,,,NJITEsports,,,,Active,2024.0118,2024.0118
Master Instinct,USA,New Jersey,North Bergen,Helix Esports,"3167 John F. Kennedy Blvd, North Bergen, NJ 07047, USA",Quarterly,Saturday,Tournament,SF6,Tekken,GGST,Various,,,,,,,SeriesInstinct,,,,,,,,,,,Active,2024.0118,2024.0118
MKNJ Monthly,USA,New Jersey,North Bergen,Helix Esports,"3167 John F. Kennedy Blvd, North Bergen, NJ 07047, USA",Monthly,Saturday,Tournament,MK1,,,,,,,,,,DarthArma,,,,,,,KombatNetwork,,,,Active,2024.0118,2024.0118
MKNJ Weeklies,USA,New Jersey,North Bergen,Helix Esports,"3167 John F. Kennedy Blvd, North Bergen, NJ 07047, USA",Weekly,Friday,Tournament,MK1,,,,,,,,,,DarthArma,,,,,,,,,,,Active,2024.0118,2024.0118
X-Impact,USA,New Jersey,Philadelphia,Sector X,2101 Marlton Pike W Cherry Hill New Jersey 08002,Every 2 Weeks,Friday,Tournament,SSBU,Rivals,GGST,SF6,GBVSR,Tekken,,,,,sectorxusa,,Sector X Gaming Community,,,https://www.sectorxusa.com/,,,,,Calendar here,Active,2024.0118,2024.0118
Saikyo Summit,USA,New Jersey,Springfield,The Brisket Guy BBQ,"719 Mountain Ave, Springfield, NJ 07081",Weekly,Sunday,Tournament,SSBU,SF6,GBVSR,,,,,,,,FalconiaGG,,The Tournament of Power  NJ FGC,,,,saikyosummit@gmail.com,FalconiaGG,,FalconiaGG,,Active,2024.0118,2024.0118
FGC Casuals,USA,New Mexico,Albuquerque,Duke City Games,"11130 Lomas Blvd NE F7, Albuquerque, NM 87112",Weekly,Wednesday,Casuals,Various,,,,,,,,,,nmismfgc,,NM-ISM Official,,,https://linktr.ee/nmism,,NMISM,,NM ISM,,Active,2024.0118,2024.0118
Sunday Night Fights Casuals,USA,New Mexico,Albuquerque,New Game+,"1512 Wyoming Blvd NE Suite D, Albuquerque, NM 87112",Weekly,Sunday,Casuals,Various,,,,,,,,,,nmismfgc,,NM-ISM Official,,,https://linktr.ee/nmism,,NMISM,,NM ISM,,Active,2024.0118,2024.0118
Fight For Your Life!,USA,New Mexico,Albuquerque,Tech505 Esports Lounge,"1631 Eubank Blvd NE STE E, Albuquerque, NM 87112",Every 2 Weeks,Saturday,Tournament,GGST,SSBM,SSBU,SF6,P+,GBVSR,MK1,,,,nmismfgc,,NM-ISM Official,,,https://linktr.ee/nmism,,NMISM,,NM ISM,2nd & 4th Saturday,Active,2024.0118,2024.0118
Barfights,USA,New Mexico,Albuquerque,The Craftroom,"2809 Broadbent Pkwy NE, Albuquerque, NM 87107",Monthly,Saturday,Tournament,UNI,Tekken,SF6,,,,,,,,nmismfgc,,NM-ISM Official,,,https://linktr.ee/nmism,,NMISM,,NM ISM,,Active,2024.0118,2024.0118
Battle for the Breaker Box Brackets,USA,New York,Albany,Albany Industrial Supply,"438 S Pearl st Albany, NY 12202",Every 2 Weeks,Thursday,Tournament,SF6,Tekken,GGST,KOFXV,Various,,,,,,SpencerSavage10,,Capital Region FGC,,,,rtsfgc@gmail.com,,,,,Active,2024.0118,2024.0118
Battle for the Breaker Box Casuals,USA,New York,Albany,Albany Industrial Supply,"438 S Pearl st Albany, NY 12202",Every 2 Weeks,Thursday,Casuals,SF6,Tekken,GGST,KOFXV,Various,,,,,,SpencerSavage10,,Capital Region FGC,,,,rtsfgc@gmail.com,,,,,Active,2024.0118,2024.0118
CR Clash,USA,New York,Albany,Connect Center,"49 Johnston Ave, Cohoes, NY 12047",Weekly,Thursday,Tournament,SSBM,SSB64,HDR,,,,,,,,C2Fgaming,,Capital Region Melee,Claime to Fame Entertainment,,https://claimtofameentertainment.com/,,ClametoFameEntertainment,,,,Active,2024.0118,2024.0118
Immortal Fight,USA,New York,Albany,Recovery Room,"235 Hoosick St, Troy, NY 12180",Weekly,Monday,Tournament,SSBU,,,,,,,,,,C2Fgaming,,Claim to Fame Ent  The Backyard,Claime to Fame Entertainment,,https://claimtofameentertainment.com/,iscariotx13@yahoo.com,ClametoFameEntertainment,,,,Active,2024.0118,2024.0118
BFGC Weekly,USA,New York,Buffalo,Heart of the Game,"85 S Rossler Ave, Buffalo, NY 14206",Weekly,Saturday,Tournament,SF6,GGST,GBVSR,Tekken,GGXrd,Various,,,,,BuffaloFGC,,BuffaloFGC,,,,,BuffaloFGCLive,,BuffaloFGC,,Active,2024.0118,2024.0118
Mid Hudson Mayhem,USA,New York,Hudson Valley,Contender Esports Hudson Valley,"1557 US-9, Wappingers Falls, NY 12590",Weekly,Thursday,Tournament,GBVSR,SF6,Tekken,Various,,,,,,,MHM_FGC,,Mid Hudson Mayhem,,,,midhudsonmayhem777@gmail.com,midhudsonmayhem,,,,Active,2024.0118,2024.0118
Shining Silver,USA,New York,Long Island,Max Rarity,"175 Rockaway Ave, Valley Stream, NY 11580",Weekly,Sunday,Tournament,SSBM,,,,,,,,,,BartenderFGC,,,,,,Bartek.Derbich@gmail.com,,,,,Active,2025.0315,2025.0417
The Gold Standard,USA,New York,Long Island,Max Rarity,"175 Rockaway Ave, Valley Stream, NY 11580",Weekly,Saturday,Tournament,UNI,KOFXV,UMvC3,SF6,GGXrd,,,,,,longislandfgc,,Long Island Fighting Game Community,,,https://linktr.ee/longislandfgc,,longislandfgc,,Long Island FGC,,Active,2025.0315,2025.0417
Ultimate Rare,USA,New York,Long Island,Max Rarity,"175 Rockaway Ave, Valley Stream, NY 11580",Weekly,Wednesday,Tournament,SSBU,,,,,,,,,,PIayer_4,,,,,,Bartek.Derbich@gmail.com,,,,,Active,2025.0315,2025.0417
Lunatic Perilune,USA,New York,New York,Next Level,"874 4th Ave. Brooklyn, NY",Weekly,Wednesday,Tournament,MBTL,KOFXV,MBAACC,GGXrd,UNI,GGXXACR,P4AU,DFCI,Various,,LunarPhaseProd,,,,,start.gg/LP,amonta@lunarphse.nyc,LunarPhaseLive,LunarPhase2,,,Active,2024.0118,2024.0118
NYC Tekken,USA,New York,New York,Next Level,"874 4th Ave. Brooklyn, NY",Monthly,Saturday,Tournament,Tekken,,,,,,,,,,NYCTekken,,,,,nyctekken.com/signup,,NYCTekken,,,,Active,2024.0118,2024.0118
WASD Gaming,USA,New York,New York,OS NYC,"50 Bowery, New York, NY 10012",Monthly,Saturday,Tournament,UNI,GBVSR,SF6,GGST,MBTL,Various,,,,,WASDgaming_gg,,wasdgaming.gg,,,,biz@wasdgaming.gg,ImpurestClub,,,,Active,2024.0118,2024.0118
BrookLAN Beatdowns,USA,New York,New York City,BrookLAN,"339 Troutman St, Brooklyn, NY 11237",Monthly,Thursday,Tournament,SF6,,,,,,,,,,BrookLAN_NY,,,,,https://www.brooklan.com/,joseph.tj.lee@gmail.com,,,,3rd Thursday,Active,2024.0118,2024.0118
BrookLAN Brawls,USA,New York,New York City,BrookLAN,"339 Troutman St, Brooklyn, NY 11237",Weekly,Sunday,Tournament,SSBU,,,,,,,,,,12GSmash BrookLAN_NY ,,,,,https://12g.gg/ https://www.brooklan.com/,tucker@12g.gg,12G_Live,,12G Smash,,Active,2024.0118,2024.0118
Brooklyn Games,USA,New York,New York City,Brooklyn Games & Arcade,6120 4th Av Brooklyn NY 11220,See Notes,Varies,Tournament,MvC2,SFA2,SSF2T,UMvC3,SF6,Retro,Various,,,,ArcadeBrooklyn,,,,,https://linktr.ee/BVGARCADE,,,,,Frequency varies,Active,2024.0118,2024.1224
Red Parry NYC,USA,New York,New York City,Brooklyn Games & Arcade,6120 4th Av Brooklyn NY 11220,Weekly,Monday,Casuals,3S,Retro,,,,,,,,,redparrynyc,,,,Red Parry NYC,,,redparrynyc,,,,Active,2024.0118,2024.0118
Red Parry NYC,USA,New York,New York City,Brooklyn Games & Arcade,6120 4th Av Brooklyn NY 11220,Weekly,Thursday,Casuals,3S,Retro,,,,,,,,,redparrynyc,,,,Red Parry NYC,,,redparrynyc,,,,Active,2024.0118,2024.0118
NLBC,USA,New York,New York City,Next Level,"874 4th Ave. Brooklyn, NY",Weekly,Wednesday,Tournament,SF6,GGST,,,,,,,,,nycnextlevel,,,Next Level,,,,,,,,Active,2024.0118,2024.0118
TSB Monthly,USA,New York,New York City,Next Level,"874 4th Ave. Brooklyn, NY",Monthly,Sunday,Tournament,GGST,GGXrd,GGXXACR,GBVSR,,,,,,,TSB_FGC,,,,,https://tsb.gg/,,TSB_FGC,,TSB_FGC,,Active,2024.0118,2024.0118
VSav / Alpha 2 Monthlies,USA,New York,New York City,Next Level,"874 4th Ave. Brooklyn, NY",Monthly,Friday,Tournament,VSav,SFA2,,,,,,,,,Apollo19999,,,,,,,,,,,Active,2024.0118,2024.0118
Monday Night Strive,USA,New York,New York City,Waypoint Cafe,"65 Ludlow St, New York, NY 10002",Every 2 Weeks,Monday,Tournament,GGST,GBVSR,,,,,,,,,SwissWriter,,Waypoint Cafe,,,start.gg/roundpour  start.gg/mnst,joseph.tj.lee@gmail.com,,,,,Active,2024.0118,2024.0118
Round Pour,USA,New York,New York City,Waypoint Cafe,"65 Ludlow St, New York, NY 10002",Every 2 Weeks,Monday,Tournament,SF6,,,,,,,,,,SwissWriter,,Waypoint Cafe,,,start.gg/roundpour  start.gg/mnst,joseph.tj.lee@gmail.com,,,,,Active,2024.0118,2024.0118
ROC City Run Back,USA,New York,Rochester,David Gantt Community Center,"700 North St, Rochester, NY 14605",Monthly,Saturday,Tournament,MK1,GGXrd,GBVSR,UNI,BBCF,Tekken,SSBU,KOFXV,DBFZ,Various,AGNostalgia1,,AGN,AGamersNostalgia,AGamersNostalgia,,agnostalgia1350@gmail.com,585FighterZ,,A Gamer's Nostalgia,,Active,2024.0118,2025.0119
Attack From Three Lives,USA,New York,Syracuse,Elite Gaming eSports Arena,"500 S Franklin St, Syracuse, NY 13202",Weekly,Wednesday,Tournament,SF6,GBVSR,Tekken,SSBM,SSBU,MK1,,,,,AFAS315,,ATTACK FROM ALL SIDES,,,https://attackfromallsides.com/  https://start.gg/iof,events@attackfromallsides.com,,,,,Active,2024.0118,2024.0118
Iron Orange Forge,USA,New York,Syracuse,Elite Gaming eSports Arena,"500 S Franklin St, Syracuse, NY 13202",Monthly,Saturday,Tournament,SF6,GBVSR,Tekken,SSBM,SSBU,MK1,,,,,AFAS315,,ATTACK FROM ALL SIDES,,,https://attackfromallsides.com/  https://start.gg/iof,events@attackfromallsides.com,,,,2nd Saturday,Active,2024.0118,2024.0118
LastLevel,USA,North Carolina,Charlotte,Get Some Game,"1224 Commercial Ave, Charlotte, NC 28205",Monthly,Saturday,Tournament,GGST,GGXXACR,MK1,BBCF,Tekken,VSav,SF6,GBVSR,UNI,Various,LastLevelNC,,Last Level NC,Last Level,LastLevelNC,https://linktr.ee/lastlevelnc,,mastermind6000,DoktorBon3y,Last Level,,Active,2024.0118,2024.0118
LastLevel Practice Mode,USA,North Carolina,Charlotte,Get Some Game,"1224 Commercial Ave, Charlotte, NC 28205",Weekly,Monday,Casuals,GGST,GGXXACR,MK1,BBCF,Tekken,VSav,SF6,GBVSR,UNI,Various,LastLevelNC,,Last Level NC,Last Level,LastLevelNC,https://linktr.ee/lastlevelnc,,mastermind6000,DoktorBon3y,Last Level,,Active,2024.0118,2024.0118
Quest for the Crown,USA,North Carolina,Charlotte,Student Union,"Student Union, 8845 Craver Rd, Charlotte, NC 28262",Monthly,Friday,Tournament,SSBM,,,,,,,,,,CLTmelee,,Charlotte Melee,,,https://linktr.ee/cltmelee,slattyv3@gmail.com,CLTmelee,,,Only during the semester,Active,2024.0118,2024.0118
Greenville's Battle in SouthTown,USA,North Carolina,Greenville,GK Cafe,"3197 E 10th St, Greenville, NC 27858",Monthly,Sunday,Tournament,SF6,GGST,GBVSR,MK1,,,,,,,,,Greenville FGC,,,https://www.start.gg/hub/battle-in-south-town-1,,KuroRaiden,,,2v2 focus events based off a themed game,Active,2024.0118,2024.0118
Fighting Dojo,USA,North Carolina,Raleigh-Durham,Bad Machines,"Durham, North Carolina",Weekly,Monday,Tournament,Various,,,,,,,,,,MyBadMachines,,,,,https://www.mybadmachines.com/,,,,,"On break, venue is moving to new location",Active,2024.0118,2024.0118
Warring Triad,USA,North Carolina,Triad,The Comic Dimension,"2823 Spring Garden St E, Greensboro, NC 27403",Monthly,Sunday,Tournament,GGST,SF6,DBFZ,MBTL,GBVSR,,,,,,OakCityEsports,,North Carolina FGC,Oak City Esports,oakcityesports,https://beacons.ai/oakcityesports,OakCityEsports@gmail.com,SuperComboGG,,SuperComboGG,,Active,2024.0621,2024.0621
10 Frame Fridays,USA,North Carolina,Triad,The Room Event Center,"2808 Randleman Rd, Greensboro, NC 27406",Weekly,Friday,Tournament,MK1,GGST,Tekken,SF6,,,,,,,brandometry,,,,,,brandometry@gmail.com,brandometry (Tekken),SurgingStormGG (SF6),,,Active,2024.0118,2024.0118
Arcade Legacy Smash Weekly,USA,Ohio,Cincinnati,Arcade Legacy Sharonville,"2241 Crowne Point Dr, Cincinnati, OH 45241",Weekly,Thursday,Tournament,SSBU,SSBM,,,,,,,,,ArcadeLegacyOH,,Arcade Legacy FGC,Arcade Legacy,,https://www.arcadelegacyohio.com/events/,,ArcadeLegacy,,,"Games alternate on a weekly basis, calendar here",Active,2024.0118,2024.0118
Arcade Legacy Weeklies,USA,Ohio,Cincinnati,Arcade Legacy Sharonville,"2241 Crowne Point Dr, Cincinnati, OH 45241",Weekly,Wednesday,Tournament,SF6,GGST,Tekken,VSav,KOFXV,MK1,UMvC3,SC6,Various,,ArcadeLegacyOH,,Arcade Legacy FGC,Arcade Legacy,,https://www.arcadelegacyohio.com/events/,,ArcadeLegacy,vampirearcadia,,"Games alternate on a weekly basis, calendar here",Active,2024.0118,2024.0118
"Yeah, I Gotcha Locals",USA,Ohio,Cleveland,Refuge Gaming,"1480 Pearl Rd Ste 6, Brunswick, OH 44212",Weekly,Wednesday,Tournament,GGST,GGXrd,GGXXACR,UMvC3,BBCF,SF6,Anime Etc,,,,YeahIGotchaFGC,,,,,https://www.start.gg/YeahIGotcha,,,,,,Active,2024.0211,2024.0211
Buckeye Battles,USA,Ohio,Columbus,Donatos,"2084 N High St, Columbus, OH 43201",Monthly,Sunday,Tournament,GBVSR,MK1,KOFXV,SF6,DBFZ,SSF2T,UNI,Various,,,TheKiest,,,,,OhioFGC,thekiest@gmail.com,MatchStickMelee,,,,Active,2024.0118,2024.0118
Donatos Fight Night Gray,USA,Ohio,Columbus,Donatos,"2084 N High St, Columbus, OH 43201, USA",Weekly,Wednesday,Casuals,SSBU,SC6,SC6,SC2,UMvC3,KOFXV,Various,,,,,,,,,https://start.gg/dfn_gray,dbair22222@gmail.com,,,,,Active,2024.0118,2024.0118
Donatos Fight Night Scarlet,USA,Ohio,Columbus,Donatos,"2084 N High St, Columbus, OH 43201, USA",Weekly,Wednesday,Tournament,UNI,DBFZ,GBVSR,SF6,MK1,Tekken,Various,Various,,,,,,,,https://smash.gg/dfn_scarlet,thekiest@gmail.com,,,,,Active,2024.0118,2024.0118
Tuesday Trials,USA,Ohio,Columbus,Game Arena,"1556 N High St, Columbus, OH 43201",Weekly,Tuesday,Tournament,UNI,GBVSR,SF6,SSBU,P4AU,GGST,Various,,,,GameArenaCBUS,,,,,https://linktr.ee/GameArenaCo,contact@game-arena.co,GameArenaCo,,Game Arena,,Active,2024.0118,2024.0118
Level One Fight Night,USA,Ohio,Columbus,Level One Bar + Arcade,"130 Hutchinson Ave. Columbus, OH 43235",Weekly,Thursday,Tournament,SF6,Various,,,,,,,,,,,,,,https://challonge.com/users/level_one_bar/tournaments,,,,,,Active,2024.0118,2024.0118
Vyral Compound,USA,Ohio,Dayton,Vyral E-Sports Compound,"2078 E Dorothy Ln, Kettering, OH 45420",Weekly,Thursday,Tournament,SF6,GGST,Various,,,,,,,,MWMashupFGC,,Midwest Mashup Home of Dayton's FGC,,,https://www.vyralteq.com/collections/events,contact@midwestmashup.org,,,,,Active,2024.0118,2024.0118
Limelight,USA,Ohio,Toledo,Imagination Station Science Museum,"1 Discovery Way, Toledo, OH 43604",Unknown,Saturday,Tournament,SSBU,SSBM,MK1,UMvC3,Various,,,,,,ToledoLocals,,Toledo Smash/FGC,,,OhioFGC.com,tommy123ingersoll456@gmail.com,,,,,Active,2024.0118,2024.0118
Something Sweet,USA,Ohio,Toledo,R&B Bubble Tea,"3402 Dorr St, Toledo, OH 43607",Every 2 Weeks,Saturday,Tournament,GBVSR,UNI,MK1,SF6,GGST,Various,,,,,ToledoLocals,,Toledo Smash/FGC,,,OhioFGC.com,tommy123ingersoll456@gmail.com,,,,,Active,2024.0118,2024.0118
Guard Break,USA,Ohio,Youngstown,Westside Bowl,"2617 Mahoning Ave, Youngstown, OH 44509",Weekly,Monday,Tournament,GGST,Tekken,SF6,SSBU,Various,,,,,,blakk_sensei,,,,,OhioFGC.com,,,,,,Active,2024.0118,2024.0118
Rock the Dragon,USA,Oklahoma,Tulsa,Warguts Esports,"3322 Southwest Blvd, Tulsa, OK 74107",Weekly,Saturday,Casuals,SF6,GGST,GGXrd,Tekken,DBFZ,SC6,GBVSR,MK1,KOFXV,MBTL,,,,,,,warguts@gmail.com,warguts,,warguts inc,"Active Discord server is ""Rock The Dragon"" but no perm inv link",Active,2024.0118,2024.0118
Rock the Dragon Monthlies,USA,Oklahoma,Tulsa,Warguts Esports,"3322 Southwest Blvd, Tulsa, OK 74107",Monthly,Saturday,Tournament,SF6,GGST,GGXrd,Tekken,DBFZ,SC6,GBVSR,MK1,KOFXV,MBTL,,,,,,,warguts@gmail.com,warguts,,warguts inc,"Active Discord server is ""Rock The Dragon"" but no perm inv link",Active,2024.0118,2024.0118
Tapout at the Taproom,USA,Oregon,Beaverton,Room 122,"14274 Southwest Allen Boulevard Beaverton, OR, 97005",Weekly,Monday,Casuals,SF6,GGST,VF5,UNI,,,,,,,,,Tapout at the Taproom,,,https://www.faustianfgc.com/events,,,,,,Active,2024.0118,2024.0118
Cooped Up,USA,Oregon,Portland,A Dude's Basement I'm Pretty Sure,"1346 NE 57th Ave, Portland, OR 97213",Weekly,Sunday,Tournament,SSBM,,,,,,,,,,,,Oregon Melee Discord,,,,cooperslink@gmail.com,,,,,Active,2024.0118,2024.0118
Adam's Smash Series,USA,Oregon,Portland,Another Dude's Basement I'm Pretty Sure,"112 NE San Rafael St, Portland, OR 97212",Weekly,Wednesday,Tournament,SSBM,,,,,,,,,,,,Oregon Melee Discord,,,,,AdamsSmashSeries,,,,Active,2024.0118,2024.0118
Cardboard Diamonds,USA,Oregon,Portland,Cardboard Diamonds,"11940 SW Pacific Hwy, Tigard, OR 97223",Weekly,Wednesday,Tournament,GGXrd,UNI,GGXXACR,P4AU,BBCF,VF5,,,,,,,Shiny Cardboard Emporium,,,,,,,,,Active,2024.0118,2024.0118
Faustian Fridays,USA,Oregon,Portland,Core PDX,"3612 SE 82nd Ave, Portland, OR 97266",Weekly,Friday,Tournament,Various,,,,,,,,,,PDX_FGC,,PDX FGC,PDX FGC,,,,,,,,Active,2024.0118,2024.0118
Epic Gaming Weeklies,USA,Oregon,Portland,Epic Gaming,"17185 SE McLoughlin Blvd Suite E, Milwaukie, OR 97267",Weekly,Friday,Tournament,Various,,,,,,,,,,PDX_FGC,,PDX FGC,PDX FGC,,,,,,,,Active,2024.0118,2025.0315
Portland Punish,USA,Oregon,Portland,Epic Gaming,"17185 SE McLoughlin Blvd Suite E, Milwaukie, OR 97267",Monthly,Saturday,Tournament,SF6,GGST,GBVSR,VSav,GGXrd,UNI,,,,,PDX_FGC,,PDX FGC,PDX FGC,,,,,,,,Active,2024.0118,2025.0315
Battle Lounge PDX,USA,Oregon,Portland,Ground Kontrol,"115 NW 5th Ave, Portland, OR",Weekly,Thursday,Tournament,Tekken,SF6,,,,,,,,,BattleLoungePDX,,PDX FGC,,,,,,,,,Active,2024.0118,2024.0118
Core Values,USA,Oregon,Portland,Portland Audio + Visual Event Space,"631 NE Grand Ave, Portland, OR 97232",Every 2 Months,Saturday,Tournament,VF5,SC6,MK1,SSBM,SF6,SSBU,Tekken,Rivals,,,ChapterXLVII,,,,,https://www.faustianfgc.com/,faustianesports@gmail.com,,,,,Active,2025.0324,2025.0324
Super Salem Fighters,USA,Oregon,Salem,IKE Box,"299 Cottage St NE, Salem OR",Weekly,Saturday,Tournament,SF6,GGST,Tekken,UNI,Rivals,SSBU,Various,,,,,,Salem-Keizer Smash & FGC,,,,,,,,,Active,2025.0102,2025.0102
Fight Your Rival,USA,Pennsylvania,Easton,Mystery Box Games,"1458 Northampton St Store 2, Easton, PA 18042, USA",Monthly,Saturday,Tournament,SF6,MK1,Tekken,,,,,,,,fyrallentownfgc,,Fight Your Rival - Lehigh Valley FGC,Fight Your Rival,FightYourRivalFG,https://linktr.ee/fightyourrivalfgc,fightyourrivalfgc@gmail.com,FightYourRivalFGC,,Fight Your Rival,,Active,2024.0402,2024.1212
Erie FGC,USA,Pennsylvania,Erie,HDLegacy,"2411 W 26th St # 100, Erie, PA 16506",Every 2 Weeks,,Tournament,Various,,,,,,,,,,,,Erie FGC Phenomenon   Erie Smash,,,linktr.ee/eriefgc,,waddledee_legends,,,,Active,2024.1212,2024.1212
Rose City Rushdown,USA,Pennsylvania,Lancaster,The Upside,"Lancaster, PA",Weekly,Sunday,Casuals,Tekken,SF6,GGST,Various,Retro,,,,,,,,Red Rose FGC,,,,,,,,See Discord for venue address,Active,2024.0610,2024.0610
Go For Broke,USA,Pennsylvania,Philadelphia,Localhost Philly,"401 N Broad St, Philadelphia, PA 19108",Monthly,Saturday,Tournament,UNI,GBVSR,GGST,MK1,SF6,Tekken,,,,,KyleMac386,,Localhost - Gaming and Esports,,,,bebopfiles386@gmail.com,,,,,Active,2024.0118,2024.0118
The Gulag,USA,Pennsylvania,Philadelphia,Localhost Philly,"401 N Broad St, Philadelphia, PA 19108",Every 2 Weeks,Friday,Tournament,Tekken,SF6,Various,,,,,,,,IronPhistPhilly,,Localhost - Gaming and Esports,,,https://start.gg/IPP,,IronPhistPhilly,,,,Active,2024.0118,2024.0118
Drexel FGC,USA,Pennsylvania,Philadelphia,Papadakis Integrated Sciences Building Rm 108,"3245 Chestnut St, Philadelphia, PA 19104",Weekly,Friday,Tournament,GGST,GBVSR,UNI,MBTL,Tekken,GGXrd,KOFXV,DBFZ,BBCF,Various,DrexelFGC,,Drexel FGC,,,,,DrexelFGC,,,"Games are different each time, check calendar here",Active,2024.0118,2024.0118
King of Shadows,USA,Pennsylvania,Philadelphia,Tap Esports,"924 Cherry St Basement, Philadelphia, PA 19107",Monthly,Saturday,Tournament,SF6,,,,,,,,,,ShadowRoyaltyGG,,Shadow Royalty Domain,,Shadow Royalty Esports,https://shadowroyalty.com/,shadowroyaltyesports@gmail.com,ShadowRoyaltyLive,,Shadow Royalty,,Active,2024.0118,2024.0118
The Streets,USA,Pennsylvania,Philadelphia,The Laboratory,"3 S York Rd, Hatboro, PA 19040",Monthly,Saturday,Tournament,Tekken,GGST,SF6,MK1,GBVSR,,,,,,VMLN_Esports,,,,,start.gg/fgcstreets  PennFGC.com,,Vermilion_Series,,Vermilion Series,,Active,2024.0118,2024.0118
Vermilion Series,USA,Pennsylvania,Philadelphia,The Laboratory,"3 S York Rd, Hatboro, PA 19040",Weekly,Thursday,Tournament,Tekken,GGST,SF6,MK1,GBVSR,,,,,,VMLN_Esports,,,,,https://start.gg/thevortex,,Vermilion_Series,,Vermilion Series,,Active,2024.0118,2024.0118
SRU FGC Biweeklies,USA,Pennsylvania,Pittsburgh,Bailey Library,"1 Morrow Way, Slippery Rock",Every 2 Weeks,Wednesday,Tournament,SF6,GGST,Various,,,,,,,,SwagG740,,SRU Esports FGC,,,PennFGC.com,,,,,,Active,2024.0118,2024.0118
CMUKen Locals,USA,Pennsylvania,Pittsburgh,"Danforth Lounge, Cohon University Center","CMU, 5032 Forbes Avenue Pittsburgh, PA 15213",Weekly,Thursday,Casuals,Various,,,,,,,,,,CMUken,,CMUken (Pittsburgh FGC),CMUken,,,,CMUken,,CMUken,,Active,2024.0118,2024.1213
Pittsburgh FGC Biweeklies,USA,Pennsylvania,Pittsburgh,Victory Pointe Arcade 3rd floor,"1113 E Carson St, Pittsburgh, PA 15203",Every 2 Weeks,Sunday,Tournament,SF6,Tekken,GGST,Various,,,,,,,CMUken,,CMUken (Pittsburgh FGC),CMUken,,,,CMUken,,CMUken,,Active,2024.0118,2024.1213
More Than Friendlies,USA,Pennsylvania,Stroudsburg,GameQ Lounge,"564 Main St, Stroudsburg, PA 18360",Weekly,Tuesday,Tournament,SSBU,,,,,,,,,,GameQLounge,,GameQ Lounge,GameQ Lounge,,Start.gg/MTF,,GameQLounge,,GameQ Lounge,,Active,2024.0118,2024.0118
The Lockdown,USA,Pennsylvania,Stroudsburg,GameQ Lounge,"564 Main St, Stroudsburg, PA 18360",Every 2 Weeks,Saturday,Tournament,GGST,SF6,DBFZ,3S,Retro,,,,,,GameQLounge,,GameQ Lounge,GameQ Lounge,,,,GameQLounge,,,,Active,2024.0118,2024.0118
Gayas Cradle,USA,Rhode Island,Providence,Gayas Cradle,"175 Taunton Ave Unit 3, East Providence, RI 02914",Monthly,Saturday,Tournament,Unknown,,,,,,,,,,,,,,,,,,,,source,Active,2024.0118,2024.0118
Electric City Showdown,USA,South Carolina,Anderson,The Residence Inn Hotel,"109 Interstate Blvd, Anderson, SC 29621",Monthly,Saturday,Unknown,SF6,Tekken,UNI,,,,,,,,ecityshowdown,,,Electric City Showdown,,linktr.ee/ecityshowdown  ecityshowdown.com,electriccityshowdown@gmail.com,ecityshowdown,,Electric City Showdown,source,Active,2024.0119,2024.0119
Side Deck Gaming,USA,South Carolina,Columbia,The Side Deck Gaming Cafe,"5060 Sunset Blvd, Lexington, SC 29072",Weekly,Wednesday,Tournament,SF6,Tekken,Various,,,,,,,,_Silent_E,,,,,,carmichaelelliot@yahoo.com,,,,,Active,2024.0118,2024.0118
Grind Haus,USA,South Carolina,Greenville,AOE Gaming Center,"3113 N Pleasantburg Dr Suite A, Greenville, SC 29609",Monthly,Saturday,Unknown,SF6,Tekken,UNI,,,,,,,,ecityshowdown,,,Electric City Showdown,,linktr.ee/ecityshowdown  ecityshowdown.com,electriccityshowdown@gmail.com,ecityshowdown,,Electric City Showdown,source,Active,2024.0119,2024.0119
Masher's Paradise,USA,South Carolina,Myrtle Beach,ArcadeImpact,"3227 US-701 Hwy, Conway, SC 29526, USA",Every 2 Months,Saturday,Tournament,Tekken,SF6,Various,,,,,,,,ArcadeImpact,,Arcade Impact (Myrtle Beach FGC),Arcade Impact,,https://linktr.ee/arcadeimpact,arcadeimpact@gmail.com,ArcadeImpact,,,,Active,2024.0118,2024.0118
Weekly Worldfire Fighters,USA,South Carolina,Myrtle Beach,WorldFire Games,"2286 Glenns Bay Rd, Surfside Beach, SC 29575",Weekly,Tuesday,Tournament,Tekken,SF6,GGST,MK1,SC6,,,,,,WorldFireGames,,,,,https://wfgamingco.tcgplayerpro.com/,peyton.n123@gmail.com,,,,"Game list rotates for 3rd game between GGST, MK1, SC6",Active,2024.0118,2024.0118
Downtown Brawl,USA,South Dakota,Rapid City,Hay Camp Brewery,"601 Kansas City St, Rapid City, SD 57701",Unknown,Unknown,Tournament,SF6,MK1,SSBU,Tekken,,,,,,,bizarroDF,,,Hay Camp Brewing,haycampbrewingco,,,,,,Currently on break,Active,2024.0118,2024.0118
Sioux Falls Weeklies,USA,South Dakota,Sioux Falls,Game Chest,"2115 S Minnesota Ave, Sioux Falls, SD",Weekly,Friday,Casuals,SF6,GGXrd,GBVSR,UNI,GGST,,,,,,,,,,,,,,,,,Active,2024.0610,2024.0610
236 Mafia Monthlies,USA,Tennessee,Chattanooga,Be Caffeinated,"14 W Kent St, Chattanooga, TN 37405",Monthly,Saturday,Tournament,SF6,UNI,GGST,,,,,,,,236_Mafia,,CFC Salt Lounge,,,,236Mafioso@gmail.com,236_mafia,,,,Active,2024.0118,2024.0118
Token Throwdown,USA,Tennessee,Knoxville,Token Game Tavern,"213 N Seven Oaks Dr, Knoxville, TN 37922",Monthly,Sunday,Tournament,GBVSR,Tekken,GGST,MK1,SF6,UNI,3S,Various,,,ScruffyCityFgc,,,,,,,scruffycityfgc,,,"Games rotate, check Twitter",Active,2024.0118,2024.0118
Game Galaxy Arcade Anime,USA,Tennessee,Nashville,Game Galaxy Arcade,"3 S Lowry St, Smyrna, TN 37167",Weekly,Sunday,Casuals,Anime Etc,,,,,,,,,,MusicCityFGC,,,,,,,MusicCityFGC,,,Calendar here,Active,2024.0118,2024.0118
Game Galaxy Arcade Fight Night,USA,Tennessee,Nashville,Game Galaxy Arcade,"3 S Lowry St, Smyrna, TN 37167",Weekly,Tuesday,Tournament,SF6,GBVSR,Various,,,,,,,,MusicCityFGC,,,,,,,MusicCityFGC,,,Calendar here; games rotate each week,Active,2024.0118,2024.0118
Austin Air Assault,USA,Texas,Austin,ArcadeUFO,"9029 Research Blvd #100, Austin, TX 78758",Every 2 Weeks,Thursday,Tournament,GBVSR,BBCF,GGST,Anime Etc,,,,,,,AAAatUFO,,Austin TX FGC,,,,,ArcadeUFO,,Austin Air Assault,,Active,2024.0118,2024.0118
Saucy Saturday,USA,Texas,Austin,ArcadeUFO,"9029 Research Blvd #100, Austin, TX 78758",Weekly,Saturday,Tournament,SF6,Tekken,,,,,,,,,arcadeufo,,,,,,,UGK4LIFE,,,Alternates between Tekken and SF each week,Active,2024.0610,2024.0610
SETX FGC,USA,Texas,Beaumont,Lamar University Maes Building Rm 108,"4695 Cunningham St, Beaumont, TX 77705",Weekly,Friday,Tournament,SSBU,SF6,SSBM,P+,MK1,SamSho,Retro,Various,,,SETXeSports,,SETX eSports,,,Setxesports.com  setx.challonge.com,,SETXFGC,,,,Active,2024.0118,2024.0118
Corpus Christi FGC,USA,Texas,Corpus Christi,Cotten's Collectibles,"6410 Weber Rd Suite 12, Corpus Christi, TX 78413",Weekly,Saturday,Tournament,SF6,GBVSR,GGST,Various,,,,,,,CCTxFGC,,Corpus FGC,,,,,corpuschristifgc,,,,Active,2024.0118,2024.0118
ArtCade,USA,Texas,Dallas-Fort Worth,Central Arts Hurst,"362 E Pipeline Rd, Hurst, TX 76053",See Notes,Varies,Tournament,3S,SF6,Various,,,,,,,,,,,,,,artcadedfw@gmail.com,artcadedfw,,,Frequency varies,Active,2024.0118,2024.1224
Freaks Smash Dallas,USA,Texas,Dallas-Fort Worth,Free Play Arcade Dallas,"3015 Gulden Ln, Dallas, TX 75212",Weekly,Monday,Tournament,SSBU,,,,,,,,,,FreaksTx,,,,,,,FreaksTx,,,Calendar here,Active,2024.0118,2024.0118
Freaks Smash Denton,USA,Texas,Dallas-Fort Worth,Free Play Arcade Denton,"101 W Hickory St, Denton, TX 76201, USA",Weekly,Tuesday,Tournament,SSBU,,,,,,,,,,FreaksTx,,,,,,,FreaksTx,,,Calendar here,Active,2024.0118,2024.0118
YOMI Anime FGC Denton,USA,Texas,Dallas-Fort Worth,Free Play Arcade Denton,"101 W Hickory St, Denton, TX 76201, USA",Weekly,Wednesday,Tournament,GGXrd,GBVSR,,,,,,,,,FreaksTx,,,,,,,FreaksTx,,,Calendar here,Active,2024.0118,2024.0118
Freaks Smash Richardson,USA,Texas,Dallas-Fort Worth,Free Play Arcade Richardson,"E Belt Line & Yale Blvd, Richardson, TX 75081",Weekly,Thursday,Tournament,SSBU,,,,,,,,,,FreaksTx,,,,,,,FreaksTx,,,Calendar here,Active,2024.0118,2025.0315
Monday Night Melee,USA,Texas,Dallas-Fort Worth,FX Games,"3000 Custer Rd #170, Plano, TX 75075",Weekly,Monday,Tournament,SSBM,,,,,,,,,,TourneyLocator,,,,,,,TourneyLocator,,,,Active,2024.0118,2024.0118
Suplex,USA,Texas,Dallas-Fort Worth,FX Games,"3000 Custer Rd #170, Plano, TX 75075",Weekly,Friday,Tournament,SF6,Tekken,GBVSR,GGST,,,,,,,TourneyLocator,,,,,,,TourneyLocator,,,Tekken 8 every week with GBVSR and GGST on rotation,Active,2024.0118,2024.1212
Ultimate Shockwave,USA,Texas,Dallas-Fort Worth,FX Games,"3000 Custer Rd #170, Plano, TX 75075",Weekly,Wednesday,Tournament,SSBU,,,,,,,,,,TourneyLocator,,,,,,,TourneyLocator,,,,Active,2024.0118,2024.0118
Quickdraw Brawl,USA,Texas,Dallas-Fort Worth,Rank 1 Gaming,"2701 Old Denton Rd, Carrollton, TX 75007",Monthly,Saturday,Tournament,UNI,BBCF,P4AU,GBVSR,,,,,,,QuickdrawBrawl,,,,,,,quickdrawbrawl,,QuickdrawBrawl,,Active,2024.0118,2024.0118
Collisions,USA,Texas,Dallas-Fort Worth,Sandman Signature Hotel,"8451 Parkwood Blvd, Plano TX 75024",Monthly,Varies,Tournament,Various,,,,,,,,,,CollisionsFGC,,Collisions-FGC,Collisions FGC,,,,collisionsfgc,,Collisions,,Active,2024.0118,2024.0118
Saturday Sets,USA,Texas,Dallas-Fort Worth,Turning Point Beer,"1307 Brown Trail, Bedford, TX 76022",See Notes,Saturday,Tournament,Tekken,GGST,SF6,MK1,SSBU,GBVSR,,,,,CombatFGC,,,,,,combatchampseries@gmail.com,,,,"MK1, SSBU, GBVSR are side games; frequency varies",Active,2024.0118,2024.1224
50-50 Fridays,USA,Texas,El Paso,Glitch Gaming Center,"1505 George Dieter Dr suite #114, El Paso TX 79936",Every 2 Weeks,Friday,Tournament,SF6,GBVSR,Mystery,Tekken,UNI,GGST,,,,,,,Fighting Games El Paso,,Fighting Games El Paso,,,,,,,Active,2024.0209,2024.0209
The Anime Place (TAP),USA,Texas,Houston,The Bull and Bear Tavern,"11980 Westheimer Rd Suite A, Houston, TX 77077",Weekly,Sunday,Casuals,GGST,MBTL,UNI,BBCF,Tekken,SF6,KOFXV,SC6,Mystery,Various,Gemmicks  2KDESU,,HoustonFGC,,,HoustonFGC.com,,,,,,Active,2024.0118,2024.0118
Saturday Shikomi 1,USA,Texas,Houston,The Montrose Center,"401 Branard St 2nd Floor, Houston, TX 77006",Monthly,Saturday,Tournament,GGXrd,GBVSR,,,,,,,,,2KDESU,,HoustonFGC,,,HoustonFGC.com,,,,,Contact for address; 1st Saturday,Active,2024.0118,2024.0118
Saturday Shikomi 2,USA,Texas,Houston,The Montrose Center,"401 Branard St 2nd Floor, Houston, TX 77006",Monthly,Saturday,Tournament,BBCF,UNI,,,,,,,,,2KDESU,,HoustonFGC,,,HoustonFGC.com,,,,,Contact for address; 3rd Saturday,Active,2024.0118,2024.0118
Perfect Parry Sanctuary,USA,Texas,Houston,ULikeTea,"6031 Hwy 6, Houston, TX 77084",Weekly,Monday,Tournament,SF6,,,,,,,,,,2KDESU,,HoustonFGC,,,HoustonFGC.com,,,,,,Active,2024.0118,2024.0118
Showdown,USA,Texas,Lubbock,Mad Hatter's House of Games,"1507 Texas Ave Lubbock Texas 79401, USA",Weekly,Wednesday,Casuals,GGST,Tekken,SF6,,,,,,,,,,WTX Fighting Game Community,,,start.gg/tournament/showdown-lbk,fgleventsllc@gmail.com,,,,,Active,2024.1212,2025.0218
River City Reversal,USA,Texas,San Antonio,Otaku Cafe,"7022 Bandera Rd, San Antonio, TX 78238, USA",Monthly,Saturday,Tournament,GGXrd,UMvC3,MK1,GBVSR,,,,,,,SanAntonioFGC,,San Antonio FGC,San Antonio FGC,SanAntonioFGC,linktr.ee/SanAntonioFGC San Antonio FGC startgg,,SanAntonioFGC,,,,Active,2024.0119,2024.0119
River City Rushdown,USA,Texas,San Antonio,Otaku Cafe,"7022 Bandera Rd, San Antonio, TX 78238, USA",Monthly,Saturday,Tournament,GGST,UNI,SF6,Tekken,,,,,,,SanAntonioFGC,,San Antonio FGC,San Antonio FGC,SanAntonioFGC,https://linktr.ee/SanAntonioFGC,,SanAntonioFGC,,,,Active,2024.0118,2024.0118
San Antonio Melee,USA,Texas,San Antonio,Otaku Cafe,"7022 Bandera Rd, San Antonio, TX 78238",Weekly,Monday,Tournament,SSBM,,,,,,,,,,rikricOtakuCafe,,,,,,,sapplus,,,,Active,2024.0118,2024.0118
San Antonio P+ Saturdays,USA,Texas,San Antonio,Otaku Cafe,"7022 Bandera Rd, San Antonio, TX 78238",Monthly,Saturday,Tournament,P+,,,,,,,,,,rikricOtakuCafe,,,,,,,sapplus,,,1st Saturday,Active,2024.0118,2024.0118
San Antonio P+ Sundays,USA,Texas,San Antonio,Otaku Cafe,"7022 Bandera Rd, San Antonio, TX 78238",Every 2 Weeks,Sunday,Tournament,P+,,,,,,,,,,rikricOtakuCafe,,,,,,,sapplus,,,2nd & 4th Sundays,Active,2024.0118,2024.0118
Plus Frames,USA,Utah,Provo,LAN King,"746 E 820 N, Provo, UT 84606",Monthly,Wednesday,Tournament,SF6,GGST,MK1,Skullgirls,,,,,,,Mestafa01,,,,,Start.gg/pfweekly,leftstickstudios@gmail.com,H__Sake,,,,Active,2024.0118,2024.0118
SLC Barfights,USA,Utah,Salt Lake City,Quarters SLC,"5 E 400 S, Salt Lake City, UT 84111",Monthly,Saturday,Tournament,MK1,GGST,GBVSR,SF6,,,,,,,GetGoodFGC,,GetGood,,,,getgoodfgc@gmail.com,getgoodfgc,,,,Active,2024.0118,2024.0118
Rumble SLC,USA,Utah,Salt Lake City,Reyes KO Boxing,"3584 S 1950 W, West Valley City, UT 84119",Monthly,Saturday,Tournament,Tekken,GGST,MK1,SF6,,,,,,,GetGoodFGC,,GetGood,,,,getgoodfgc@gmail.com,getgoodfgc,,,,Active,2024.0118,2024.0118
Saturday Nights,USA,Vermont,Burlington,Champlain Esports,"175 Lakeside Ave, Burlington, VT 05401",Weekly,Saturday,Tournament,SF6,,,,,,,,,,WNightFightClub,,,,,,,Champ_Esports,,Wednesday Night Fight Club,,Active,2024.0118,2024.0118
Wednesday Nights Casuals,USA,Vermont,Burlington,Champlain Esports,"175 Lakeside Ave, Burlington, VT 05401",Weekly,Wednesday,Casuals,SF6,,,,,,,,,,WNightFightClub,,,,,,,Champ_Esports,,Wednesday Night Fight Club,,Active,2024.0118,2024.0118
FGC Paradise,USA,Virgina,Petersburg,Gaming Paradise,"216 N Sycamore St, Petersburg, VA 23803",Monthly,Sunday,Tournament,SF6,MK1,Tekken,GGST,,,,,,,NickVandeloecht,,RVA FGC,,,,nvandel@outlook.com,,,,3rd or 4th Sunday,Active,2024.0118,2024.0118
The FGC @ Virginia Tech,USA,Virginia,Blacksburg,New Classroom Building,"1455 Perry St, Blacksburg, VA 24060",Weekly,Saturday,Casuals,GGST,SF6,BBCF,GBVSR,UMvC3,Tekken,UNI,,,,fgc_vt,,The FGC at Virginia Tech,,,,,vt_fgc,,VT FGC,"Usually Saturdays, sometimes Sundays. Open to anyone not just Students.",Active,2024.0118,2024.0118
FGCville: Enter the Thunderdome,USA,Virginia,Charlottesville,The End Games,"390 Hillsdale Dr, Charlottesville, VA 22901",Weekly,Wednesday,Tournament,SF6,GGST,GBVSR,Various,,,,,,,FGCville,,FGCville,,,,,LucasTracyTTV,,,Games list rotates,Active,2024.0118,2024.0118
Monday Melee,USA,Virginia,DMV,The Cave,"10621 Braddock Rd # B, Fairfax, VA 22032",Weekly,Monday,Tournament,SSBM,,,,,,,,,,TheCaveFairfax,,CAVE FGC,,,https://www.cave-gaming.com/,,TheCaveFairfax,,,,Active,2024.0118,2024.0118
The Cave FGC Monthly,USA,Virginia,DMV,The Cave,"10621 Braddock Rd # B, Fairfax, VA 22032",Monthly,Saturday,Tournament,KOFXV,DBFZ,GGST,SF6,GBVSR,CvS2,Tekken,MK1,,,TheCaveFairfax,,CAVE FGC,,,https://www.cave-gaming.com/,,TheCaveFairfax,,,,Active,2024.0118,2024.0118
The Cave FGC Weekly,USA,Virginia,DMV,The Cave,"10621 Braddock Rd # B, Fairfax, VA 22032",Weekly,Tuesday,Tournament,GGST,Tekken,SF6,KOFXV,,,,,,,TheCaveFairfax,,CAVE FGC,,,https://www.cave-gaming.com/,,TheCaveFairfax,,,,Active,2024.0118,2024.0118
King of the Ring,USA,Virginia,DMV,The Outer Limits,"44933 George Washington Blvd Suite 155, Ashburn, VA 20147",Monthly,Saturday,Tournament,SF6,GGST,Various,,,,,,,,,,TOL_Tournaments,,,https://start.gg/fgctol,andre.williams@theouter-limits.com,TOL_Gaming_Lounge,,,2nd Saturday,Active,2024.0118,2024.0118
TOL Thursday Night Throwdown,USA,Virginia,DMV,The Outer Limits,"44933 George Washington Blvd Suite 155, Ashburn, VA 20147",Weekly,Thursday,Tournament,SF6,GGST,Various,,,,,,,,,,TOL_Tournaments,,,https://start.gg/fgctol,andre.williams@theouter-limits.com,TOL_Gaming_Lounge,,,,Active,2024.0118,2024.0118
DawnStar Clash,USA,Virginia,Richmond,DawnStar Video Games & Arcade,"3007 W Clay St, Richmond, VA 23230",Every 2 Weeks,Wednesday,Tournament,SF6,3S,Tekken,Various,,,,,,,DawnStarRVA,,DawnStar  RVA FGC,,,https://www.dawnstarvideogames.com/  https://rvafgc.wixsite.com/rva-fighting-game-co,dawnstargames@gmail.com,,,DawnStar Video Games,,Active,2024.0118,2024.0118
DawnStar Smash,USA,Virginia,Richmond,DawnStar Video Games & Arcade,"3007 W Clay St, Richmond, VA 23230",Weekly,Thursday,Tournament,SSBU,SSBM,,,,,,,,,DawnStarRVA,,DawnStar  RVA FGC,,,https://www.dawnstarvideogames.com/,dawnstargames@gmail.com,,,DawnStar Video Games,,Active,2024.0118,2024.0118
The King Returns,USA,Virginia,Richmond,DawnStar Video Games & Arcade,"3007 W Clay St, Richmond, VA 23230",Monthly,Saturday,Tournament,SF6,GGST,Tekken,GBVSR,Various,,,,,,DawnStarRVA,,DawnStar  RVA FGC,,,https://rvafgc.wixsite.com/rva-fighting-game-co,,ttvMadison,,,1st Saturday,Active,2024.0118,2024.0118
The Answer Biweeklies,USA,Virginia,Richmond,The Answer Brewpub,"6008 W Broad St, Richmond, VA 23230",Every 2 Weeks,Wednesday,Casuals,Tekken,SF6,GGST,GBVSR,Retro,Various,,,,,,,RVA FGC,,,https://rvafgc.wixsite.com/rva-fighting-game-co,,,,,2nd & 4th Wednesday,Active,2024.0118,2024.0118
Rage Quit,USA,Virginia,Virginia Beach,Capston Bar Brewing Company,"2036 Exploration Way, Hampton, VA 23666",Every 2 Weeks,Sunday,Tournament,SSBU,,,,,,,,,,,,Southern Virginia Smash,,,,awakened27sage@gmail.com,,,,,Active,2024.0118,2024.1212
Fight Night Fridays,USA,Virginia,Virginia Beach,GameOn Gaming Center,"5386 Kemps River Dr #105, Virginia Beach, VA 23464",Weekly,Friday,Tournament,Tekken,SF6,GGST,GBVSR,Various,,,,,,gamerbus,,GameOn   SoVA FGC   SoVa Tekken,Gamerbus and GameOn,gameon_gc,https://www.gamerbus.com/events,info@gamerbus.com,GameOnGC,,GameOn,,Active,2024.0118,2024.1212
Throwdown Thursday,USA,Virginia,Virginia Beach,GameOn Gaming Center,"5386 Kemps River Dr #105, Virginia Beach, VA 23464",Weekly,Thursday,Tournament,SSBU,SSBM,,,,,,,,,gamerbus,,Southern Virginia Smash  GameOn,Gamerbus and GameOn,gameon_gc,start.gg/TTGO  https://www.gamerbus.com/events,info@gamerbus.com,,,GameOn,,Active,2024.0118,2024.1212
Wipeout Wednesday,USA,Virginia,Virginia Beach,GameOn Gaming Center,"5386 Kemps River Dr #105, Virginia Beach, VA 23464",Every 2 Weeks,Wednesday,Tournament,SSBU,,,,,,,,,,gamerbus,,GameOn,Gamerbus and GameOn,gameon_gc,https://www.gamerbus.com/events,info@gamerbus.com,,,GameOn,Only for ages 8-17!,Active,2024.0118,2024.1212
Monthly Mashers,USA,Washington,Olympia,The Retro Collection,"124 Fir St NE, Olympia, WA 98506",Monthly,Sunday,Tournament,P+,SSBU,Mystery,Various,,,,,,,OlyTRC,,"The Retro Collection | Olympia, WA",,,https://www.start.gg/hub/the-Retro-collection-olympia-washington,,OlyTRC,,,,Active,2024.0118,2024.0118
Retro Collection Weeklies,USA,Washington,Olympia,The Retro Collection,"124 Fir St NE, Olympia, WA 98506",Weekly,Wednesday,Tournament,Various,,,,,,,,,,OlyTRC,,"The Retro Collection | Olympia, WA",,,https://www.start.gg/hub/the-Retro-collection-olympia-washington,,OlyTRC,,,,Active,2024.0118,2024.0118
Ultimate Thursday,USA,Washington,Olympia,The Retro Collection,"124 Fir St NE, Olympia, WA 98506",Weekly,Thursday,Tournament,SSBU,,,,,,,,,,OlyTRC,,"The Retro Collection | Olympia, WA",,,https://www.start.gg/hub/the-Retro-collection-olympia-washington,,OlyTRC,,,,Active,2024.0118,2024.0118
Palouse Games,USA,Washington,Pullman,Palouse Games,"141 N Grand Ave, Pullman, WA 99163",Weekly,Thursday,Casuals,SF6,GGST,GBVSR,SamSho,Various,,,,,,PullmanFGC,,Pullman FGC,,,,,PullmanFGC,,Pullman FGC,,Active,2024.0118,2024.0118
Seattle Skirmish,USA,Washington,Seattle,Locust Cider First Hill,"500 Terry Ave. Seattle, WA 98104",Weekly,Friday,Casuals,GGST,UNI,GBVSR,Various,,,,,,,Deyvonn,,,,,,,,,,Spreadsheet for people bringing setups,Active,2024.0118,2024.0118
NekoDojo,USA,Washington,Seattle,Neko Dojo,"Kent, WA",Every 2 Weeks,Saturday,Casuals,3S,Various,,,,,,,,,NekoDojo,,NekoDojo,,,,,NekoDojo_GCCS,,,,Active,2024.0118,2024.0118
Wata Lily,USA,Washington,Seattle,Outer Planet Brewing,"1812 12th Ave, Unit 100, Seattle, WA 98122",Monthly,Thursday,Casuals,VF5,SF6,Tekken,,,,,,,,SwampLandFGC,,Water Lily Seattle,,SwampLandUSA,https://www.officialswampland.com/,development@officialswampland.com,Pasuhdina,,Swamp Land,,Active,2024.0118,2024.0118
Salon Series,USA,Washington,Seattle,The Salon,"1923 1st Ave, Seattle, WA 98101",Monthly,Saturday,Tournament,SF6,,,,,,,,,,TheSalonSeattle,,,,,,,thesalonseattle,,,2nd Saturday,Active,2024.0118,2024.0118
Salon Weeklies MK,USA,Washington,Seattle,The Salon,"1923 1st Ave, Seattle, WA 98101",Weekly,Wednesday,Tournament,MK1,,,,,,,,,,TheSalonSeattle,,,,,,,thesalonseattle,,,,Active,2024.0118,2024.0118
Salon Weeklies SF,USA,Washington,Seattle,The Salon,"1923 1st Ave, Seattle, WA 98101",Weekly,Friday,Tournament,SF6,,,,,,,,,,TheSalonSeattle,,,,,,,thesalonseattle,,,$175 prize pool,Active,2024.0118,2024.0118
Salon Weeklies SF Casuals,USA,Washington,Seattle,The Salon,"1923 1st Ave, Seattle, WA 98101",Weekly,Monday,Casuals,SF6,,,,,,,,,,TheSalonSeattle,,,,,,,thesalonseattle,,,,Active,2024.0118,2024.0118
The Salon,USA,Washington,Seattle,The Salon,"1923 1st Ave, Seattle, WA 98101",Weekly,Sunday,Tournament,Tekken,,,,,,,,,,TheSalonSeattle,,,,,,,thesalonseattle,,,,Active,2024.0118,2024.0118
PNW Airdashers,USA,Washington,Seattle,Unknown,"Seattle, Washington",Weekly,Friday,Casuals,GGST,GGXrd,GBVSR,UNI,BBCF,SF6,Tekken,DBFZ,MBTL,Various,PNWAirdashers  Deyvonn,,,,,,,,,,Contact for address,Active,2024.0118,2024.0118
The Middle Ground,USA,Washington,Spokane,The Elite Gaming Center,"15312 E Sprague Ave c, Spokane Valley, WA 99037",See Notes,Sunday,Tournament,SSBU,SSBM,SF6,Tekken,Various,,,,,,MiddleGroundgg,,,,,,TheMiddleGroundgg@gmail.com,,,,Frequency varies,Active,2024.0118,2024.1224
Defiant Fox Games,USA,Washington,Tacoma,Defiant Fox Games,"602 E 25th St, Tacoma, WA 98421",Weekly,Thursday,Casuals,Tekken,,,,,,,,,,seattletekken,,Seattle Tekken,Seattle Tekken,,https://www.seattletekken.com/,,SeattleTekken,,Seattle Tekken,,Active,2024.0118,2024.0118
Runback Brackets,USA,Wisconsin,Green Bay,Edge VR Arcade & Gamers Lounge,"2642 Packerland Dr, Ashwaubenon, WI 54313",Monthly,Wednesday,Tournament,SF6,GGST,Tekken,Various,,,,,,,,,The Runback Green Bay Local,,,,,,,,Tournament is every other meetup (so every 4 weeks),Active,2024.0118,2024.0118
Runback Casuals,USA,Wisconsin,Green Bay,Edge VR Arcade & Gamers Lounge,"2642 Packerland Dr, Ashwaubenon, WI 54313",Monthly,Wednesday,Casuals,SF6,GGST,Tekken,Various,,,,,,,,,The Runback Green Bay Local,,,,,,,,,Active,2024.0118,2024.0118
Final Strike,USA,Wisconsin,Madison,Ten Pin Alley,"6285 Nesbitt Rd, Fitchburg, WI 53719",Weekly,Saturday,Tournament,Tekken,SF6,GGST,GBVSR,,,,,,,ChoiWingleung,,,,,,,wokgaming,,,,Active,2024.0118,2024.0118
Run the Set,USA,Wisconsin,Milwaukee,Magik4 Gaming's The Hub,"2222 N Farwell Ave, Milwaukee, WI 53202, USA",Every 2 Weeks,Saturday,Tournament,Tekken,SF6,GGST,,,,,,,,Magik4FGC,,,,,,,magik4fgc,WisconsinSmash,,,Active,2024.0211,2024.0211
Sunday Night Fights,USA,Wisconsin,Milwaukee,Magik4 Gaming's The Hub,"2222 N Farwell Ave, Milwaukee, WI 53202, USA",Monthly,Sunday,Tournament,GGST,SSBU,SF6,Tekken,,,,,,,Magik4FGC,,,,,,,magik4fgc,WisconsinSmash,,,Active,2024.0211,2024.0211
Thursday Throwdown,USA,Wisconsin,Milwaukee,Magik4 Gaming's The Hub,"2222 N Farwell Ave, Milwaukee, WI 53202, USA",Weekly,Thursday,Tournament,SSBU,GGST,SF6,,,,,,,,Magik4FGC,,,,,,,magik4fgc,WisconsinSmash,,,Active,2024.0118,2024.0118
Pro League,Venezuela,,Caracas,Boleita Center,"F5XH+GPP, Av Principal de Boleíta, Caracas 1071, Miranda",Every 2 Weeks,Wednesday,Tournament,SSBU,SF6,GGST,SSB64,,,,,,,DanielRimeris,,,Smash Venezuela,,,danielrimeris@hotmail.com,,,,,Active,2024.0118,2024.0118
Spacing,Sweden,,Stockholm,SPACE Stockholm,"Sergels Torg 2, 111 57 Stockholm",Monthly,Thursday,Tournament,Tekken,SF6,GGST,,,,,,,,FlowerFGC,,SPACING,,,,Axel.mejbert@ctl.se,SPACINGSTHLM,,,Venue closed,Inactive,2024.0118,2024.1213
Synchronicity,USA,California,San Diego,GameSync Esports Center,"7370 Opportunity Rd Suite G, San Diego, CA 92111",Weekly,Friday,Tournament,SF6,GGST,,,,,,,,,GameSync,,GameSync Esports,GameSync Esports Center,,https://gamesync.us/fgc/,,GameSync,,GameSync Esports,,Inactive,2024.0118,2025.0218
Zenith Active Frames,USA,California,San Diego,Zenith Active,"1635 S Rancho Santa Fe Rd, San Marcos, CA 92078",Monthly,Saturday,Tournament,GGST,UNI,SF6,MBAACC,Tekken,Various,,,,,NorthCountyFGC,,North County FGC,,,,NorthCountyFGC@gmail.com,,,NorthCountyFGC,Venue closed,Inactive,2024.0118,2024.1213
0-2uesdays,USA,California,SoCal,Localhost Fullerton,"1134 S Harbor Blvd, Fullerton, CA 92832, USA",Weekly,Tuesday,Tournament,GGST,SF6,,,,,,,,,OrangeCountyFGC,,OrangeCountyFGC,https://linktr.ee/orangecountyfgc,,,orangecountyfgc2022@gmail.com,Doctor__No,0_2uesdays,Doctor No,,Inactive,2024.0118,2024.0521
Fullerton Fights,USA,California,SoCal,Localhost Fullerton,"1134 S Harbor Blvd, Fullerton, CA 92832, USA",Monthly,Saturday,Tournament,SF6,GGST,Tekken,GBVSR,UNI,MBTL,,,,,OrangeCountyFGC,,Orange County FGC,,,https://linktr.ee/orangecountyfgc,orangecountyfgc2022@gmail.com,SoCal_Suma,Doctor__No,Orange County FGC,,Inactive,2024.0118,2024.0521
Freeze Frame Friday,USA,Florida,Jacksonville,Community First Igloo Icemen Esports,"3605 Philips Hwy, Jacksonville, FL 32207",Monthly,Friday,Tournament,SF6,GGST,DBFZ,MK1,Tekken,,,,,,IcemenEsports,,Jax Smash,,,https://linktr.ee/icemenesports,esports@communityfirstigloo.com,,,,Venue closed,Inactive,2024.0118,2024.1213
Smash the Sticks,USA,Florida,Jacksonville,Community First Igloo Icemen Esports,"3605 Philips Hwy, Jacksonville, FL 32207",Every 2 Weeks,Saturday,Tournament,SSBU,,,,,,,,,,IcemenEsports  JaxSmashGG,,Jax Smash,,,https://linktr.ee/icemenesports,esports@communityfirstigloo.com,,,,Venue closed,Inactive,2024.0118,2024.1213
Coastal Conquerors,USA,Georgia,Savannah,Roll the Bones,"7400 Abercorn St ste 704, Savannah, GA 31406",Monthly,Saturday,Tournament,Tekken,GBVSR,SF6,GGST,,,,,,,CoaConSAVFGC,,Coastal Conquerors (SAV FGC),,,,,,,Coastal Conquerors,,Inactive,2024.0118,2024.1212
Spacebar Fights,USA,Idaho,Boise,Spacebar Arcade,"620 W Idaho St Suite 100, Boise, ID 83702",Monthly,Tuesday,Casuals,SF6,MK1,UNI,Various,,,,,,,BoiseFgc,,Boise Idaho FGC,Spudsport,,https://linktr.ee/boisefgc,,raijinnski,,,1st Tuesday,Inactive,2024.0118,2024.1212
Bread and Butter,USA,Maryland,Laurel,Xanadu Games,"198 Laurel Race Track Road, Laurel, MD 20725",Monthly,Saturday,Tournament,SF6,GGST,MK1,Tekken,KOFXV,GBVSR,,,,,XanaduGames,,,Xanadu Games,,https://linktr.ee/XanaduGames,litmixtapezz@gmail.com,VGBootCamp,,,Venue closed,Inactive,2024.0118,2024.1231
FGC @ Xanadu,USA,Maryland,Laurel,Xanadu Games,"198 Laurel Race Track Road, Laurel, MD 20725",Weekly,Thursday,Tournament,GBVSR,SF6,BBCF,CvS2,GGST,KOFXV,MK1,Tekken,UNI,Various,XanaduGames,,,Xanadu Games,,https://linktr.ee/XanaduGames,litmixtapezz@gmail.com,VGBootCamp,,,Venue closed,Inactive,2024.0118,2024.1231
Melee @ Xanadu,USA,Maryland,Laurel,Xanadu Games,"198 Laurel Race Track Road, Laurel, MD 20725",Weekly,Wednesday,Tournament,SSBM,,,,,,,,,,XanaduGames,,,Xanadu Games,,https://linktr.ee/XanaduGames,litmixtapezz@gmail.com,VGBootCamp,,,Venue closed,Inactive,2024.0118,2024.1231
Ultimate @ Xanadu,USA,Maryland,Laurel,Xanadu Games,"198 Laurel Race Track Road, Laurel, MD 20725",Weekly,Tuesday,Tournament,SSBU,,,,,,,,,,XanaduGames,,,Xanadu Games,,https://linktr.ee/XanaduGames,litmixtapezz@gmail.com,VGBootCamp,,,Venue closed,Inactive,2024.0118,2024.1231
Xanadu Homecoming,USA,Maryland,Laurel,Xanadu Games,"198 Laurel Race Track Road, Laurel, MD 20725",Monthly,Saturday,Tournament,SSBU,,,,,,,,,,XanaduGames,,,Xanadu Games,,https://linktr.ee/XanaduGames,litmixtapezz@gmail.com,VGBootCamp,,,Venue closed,Inactive,2024.0118,2024.1231
Xanadu Legends,USA,Maryland,Laurel,Xanadu Games,"198 Laurel Race Track Road, Laurel, MD 20725",Monthly,Saturday,Tournament,SSBM,,,,,,,,,,XanaduGames,,,Xanadu Games,,https://linktr.ee/XanaduGames,litmixtapezz@gmail.com,VGBootCamp,,,Venue closed,Inactive,2024.0118,2024.1231
Corsair Clash,USA,Massachusetts,Dartmouth,University of Massachussetts Dartmouth,University of Massachussetts Dartmouth,Weekly,Friday,Varies,Tekken,SF6,GGST,,,,,,,,,,Corsair eSports,,umassd.esports,,,,,,Casuals & tournaments alternate weeks; closed during school break; BYOC,Inactive,2025.0424,2025.0424
Tokens Takedowns,USA,New Hampshire,Dover,Tokens Taproom,"282 Central Ave, Dover, NH ",Every 2 Weeks,Thursday,Tournament,SF6,,,,,,,,,,NickCereal,,,,,,,,,,,Inactive,2024.0118,2024.1213
Burst Collectors Smash Weekly,USA,New York,Long Island,Collector's Emporium,"2705 Hempstead Tpke, Levittown, NY 11756",Weekly,Thursday,Tournament,SSBU,SSBM,,,,,,,,,Cyanoticsenku,,,,,,cyanoticsenku@gmail.com,Cyanoticsenku,,Cyanoticsenku,,Inactive,2024.0118,2025.0315
Burst Collectors Weekly,USA,New York,Long Island,Collector's Emporium,"2705 Hempstead Tpke, Levittown, NY 11756",Weekly,Saturday,Tournament,UMvC3,GGST,SF6,KOFXV,,,,,,,Cyanoticsenku,,,,,,cyanoticsenku@gmail.com,Cyanoticsenku,,Cyanoticsenku,,Inactive,2024.0118,2025.0315
Hidden Block Games,USA,North Carolina,Raleigh-Durham,Hidden Block Games,"2409 Crabtree Blvd Ste 103, Raleigh, NC 27604",Weekly,Saturday,Tournament,Tekken,GBVSR,DBFZ,SF6,Various,,,,,,OakCityEsports,,North Carolina FGC,Oak City Esports,oakcityesports,https://beacons.ai/oakcityesports,OakCityEsports@gmail.com,NitemareZen,,,,Inactive,2024.0118,2025.0314
RDU Tekken,USA,North Carolina,Raleigh-Durham,Jordan Child & Family Enrichment Center,"1305 Glenwood Ave, Raleigh, NC 27605",Monthly,Saturday,Tournament,Tekken,,,,,,,,,,rdutekken,,,,,,rdutekken@gmail.com,rdutekken,,RDU TEKKEN,"On break, venue is moving to new location",Inactive,2024.0118,2025.0314
Tournament of Thrones,USA,North Carolina,Raleigh-Durham,Xepher Arcade,"4015 University Dr H, Durham, NC 27707",Monthly,Saturday,Tournament,GGST,3S,DBFZ,SF6,SFA2,GBVSR,MK1,KI,Various,,OakCityEsports,,North Carolina FGC,Oak City Esports,oakcityesports,https://beacons.ai/oakcityesports,OakCityEsports@gmail.com,mastermind6000,ScrappySensei,,,Inactive,2024.0118,2025.0314
,,,,,,,,,,,,,,,,,,,,,,,,,,,,,,,,
,,,,,,,,,,,,,,,,,,,,,,,,,,,,,,,,
,,,,,,,,,,,,,,,,,,,,,,,,,,,,,,,,
,,,,,,,,,,,,,,,,,,,,,,,,,,,,,,,,
,,,,,,,,,,,,,,,,,,,,,,,,,,,,,,,,
,,,,,,,,,,,,,,,,,,,,,,,,,,,,,,,,
,,,,,,,,,,,,,,,,,,,,,,,,,,,,,11:31 AM,,,
,,,,,,,,,,,,,,,,,,,,,,,,,,,,,·,,,
,,,,,,,,,,,,,,,,,,,,,,,,,,,,,Sent,,,
